시간,발전량
2025-01-01 00:00,2.6299123812536562
2025-01-01 01:00,2.3128317780784293
2025-01-01 02:00,2.16250030230364
2025-01-01 03:00,1.89649411479988
2025-01-01 04:00,1.1357803537163271
2025-01-01 05:00,1.1962344627734325
2025-01-01 06:00,1.6601182533378622
2025-01-01 07:00,4.881536488405115
2025-01-01 08:00,6.115588380512047
2025-01-01 09:00,5.096806693902851
2025-01-01 10:00,3.1456232334446335
2025-01-01 11:00,5.2961246980933705
2025-01-01 12:00,5.467980432413233
2025-01-01 13:00,3.085377495896366
2025-01-01 14:00,3.899257125999561
2025-01-01 15:00,4.416207121853567
2025-01-01 16:00,3.3006472200495187
2025-01-01 17:00,2.9297759578182356
2025-01-01 18:00,6.520683768594527
2025-01-01 19:00,8.833178181140934
2025-01-01 20:00,7.095426893849162
2025-01-01 21:00,6.312488079306217
2025-01-01 22:00,5.042646968689852
2025-01-01 23:00,5.294906354122897
2025-01-02 00:00,1.5583591006533781
2025-01-02 01:00,1.5246705230488014
2025-01-02 02:00,2.547462025208068
2025-01-02 03:00,3.5469107015273593
2025-01-02 04:00,3.8571074973468766
2025-01-02 05:00,6.876691974994342
2025-01-02 06:00,5.695188683270436
2025-01-02 07:00,5.393913208579313
2025-01-02 08:00,5.221040408705944
2025-01-02 09:00,5.322699910990871
2025-01-02 10:00,3.6247375858810926
2025-01-02 11:00,3.3911913437725962
2025-01-02 12:00,7.791299104971591
2025-01-02 13:00,8.605140311206622
2025-01-02 14:00,12.76347979672676
2025-01-02 15:00,15.220516122480593
2025-01-02 16:00,11.538418335030455
2025-01-02 17:00,17.52788733736358
2025-01-02 18:00,15.989396814988517
2025-01-02 19:00,19.85182433299141
2025-01-02 20:00,22.20419898456772
2025-01-02 21:00,22.822581194521476
2025-01-02 22:00,17.66345597201712
2025-01-02 23:00,17.175256366283985
2025-01-03 00:00,22.199561659572417
2025-01-03 01:00,25.959566771707525
2025-01-03 02:00,25.516365042587577
2025-01-03 03:00,24.33279773910864
2025-01-03 04:00,30.211494313310023
2025-01-03 05:00,33.83609353196924
2025-01-03 06:00,28.50538396329405
2025-01-03 07:00,27.46025228587176
2025-01-03 08:00,26.52475871599627
2025-01-03 09:00,22.04056702736882
2025-01-03 10:00,16.659665944094964
2025-01-03 11:00,16.321963900992746
2025-01-03 12:00,13.648091998659206
2025-01-03 13:00,6.512491724017384
2025-01-03 14:00,3.6233591701912538
2025-01-03 15:00,2.704777315511892
2025-01-03 16:00,3.2952921518034675
2025-01-03 17:00,7.595011466754061
2025-01-03 18:00,10.06012634448108
2025-01-03 19:00,20.53413091785829
2025-01-03 20:00,26.121015326445836
2025-01-03 21:00,27.95922602448082
2025-01-03 22:00,26.27641643653536
2025-01-03 23:00,21.23381190097457
2025-01-04 00:00,14.694958183842568
2025-01-04 01:00,9.025006427540088
2025-01-04 02:00,14.061407650599659
2025-01-04 03:00,10.357782689486504
2025-01-04 04:00,9.192775431778417
2025-01-04 05:00,2.690143143371695
2025-01-04 06:00,2.015972314679296
2025-01-04 07:00,1.180692586663598
2025-01-04 08:00,1.3678718640339773
2025-01-04 09:00,0.48655720972305583
2025-01-04 10:00,0.47463937055131533
2025-01-04 11:00,0.30952070374191426
2025-01-04 12:00,0.8987973530037101
2025-01-04 13:00,1.7679432964597979
2025-01-04 14:00,3.3771838793229136
2025-01-04 15:00,2.652960057882728
2025-01-04 16:00,2.5249739982724417
2025-01-04 17:00,1.5555231177992113
2025-01-04 18:00,1.4642383232243565
2025-01-04 19:00,0.9641020707106447
2025-01-04 20:00,1.4490489244199452
2025-01-04 21:00,2.1056615912529857
2025-01-04 22:00,4.175160989325569
2025-01-04 23:00,4.6994959970277455
2025-01-05 00:00,2.5793379885815586
2025-01-05 01:00,3.7418910725466814
2025-01-05 02:00,8.783251488026076
2025-01-05 03:00,13.60197268994819
2025-01-05 04:00,14.140199662452904
2025-01-05 05:00,14.738621752443223
2025-01-05 06:00,19.2497940972029
2025-01-05 07:00,29.014818639755166
2025-01-05 08:00,32.42685744622211
2025-01-05 09:00,31.440745244811914
2025-01-05 10:00,31.926980253708514
2025-01-05 11:00,37.89573714910212
2025-01-05 12:00,42.910178421317546
2025-01-05 13:00,46.70122698923316
2025-01-05 14:00,44.58102196186913
2025-01-05 15:00,37.50485860624486
2025-01-05 16:00,30.776832307902794
2025-01-05 17:00,26.205889728150055
2025-01-05 18:00,19.218383044092178
2025-01-05 19:00,15.951711950547946
2025-01-05 20:00,11.262510852020371
2025-01-05 21:00,8.984579898039023
2025-01-05 22:00,9.154459904422298
2025-01-05 23:00,15.94195800821748
2025-01-06 00:00,30.529404498496703
2025-01-06 01:00,37.25635887954317
2025-01-06 02:00,35.05779764343476
2025-01-06 03:00,25.73410835933779
2025-01-06 04:00,23.879203229557362
2025-01-06 05:00,20.8992243378476
2025-01-06 06:00,15.992388033678662
2025-01-06 07:00,11.099069978650583
2025-01-06 08:00,8.95000202648816
2025-01-06 09:00,6.883445724126242
2025-01-06 10:00,28.04882631459899
2025-01-06 11:00,42.13045999254961
2025-01-06 12:00,43.199291465566546
2025-01-06 13:00,41.950547105177804
2025-01-06 14:00,51.22882599303262
2025-01-06 15:00,54.224352582517724
2025-01-06 16:00,46.34034440324319
2025-01-06 17:00,46.23238020553393
2025-01-06 18:00,51.826165726941596
2025-01-06 19:00,55.153532955518436
2025-01-06 20:00,55.978724124632556
2025-01-06 21:00,54.15669811524552
2025-01-06 22:00,55.824005126866844
2025-01-06 23:00,56.8868949962091
2025-01-07 00:00,55.38877929943711
2025-01-07 01:00,54.72795609321241
2025-01-07 02:00,53.0299064579134
2025-01-07 03:00,50.04481739970204
2025-01-07 04:00,45.9891555531472
2025-01-07 05:00,32.62795940063771
2025-01-07 06:00,19.226950838744635
2025-01-07 07:00,9.325905620106568
2025-01-07 08:00,6.009778528826618
2025-01-07 09:00,4.779901912655848
2025-01-07 10:00,3.728999227681948
2025-01-07 11:00,26.32271856530037
2025-01-07 12:00,46.47094453697737
2025-01-07 13:00,48.3947154418447
2025-01-07 14:00,52.38920252196995
2025-01-07 15:00,41.247071056644565
2025-01-07 16:00,42.70389381760044
2025-01-07 17:00,42.21340095753367
2025-01-07 18:00,53.64077080937654
2025-01-07 19:00,47.78768978044164
2025-01-07 20:00,41.12752910014533
2025-01-07 21:00,44.305335059771714
2025-01-07 22:00,44.94000199602287
2025-01-07 23:00,44.39237543011944
2025-01-08 00:00,46.32254272004969
2025-01-08 01:00,39.345415967647064
2025-01-08 02:00,32.26152570044736
2025-01-08 03:00,32.246319293561996
2025-01-08 04:00,31.87770421219514
2025-01-08 05:00,19.297274621522927
2025-01-08 06:00,5.912108466593167
2025-01-08 07:00,5.243772990921401
2025-01-08 08:00,13.878854271425917
2025-01-08 09:00,11.80696707809766
2025-01-08 10:00,27.266624916856948
2025-01-08 11:00,22.953374102790768
2025-01-08 12:00,26.527376184402463
2025-01-08 13:00,23.517563703594032
2025-01-08 14:00,26.54511116359269
2025-01-08 15:00,41.57488624943879
2025-01-08 16:00,45.831828496386315
2025-01-08 17:00,49.03136759414038
2025-01-08 18:00,50.52301080423415
2025-01-08 19:00,54.31490419048335
2025-01-08 20:00,56.18654450007289
2025-01-08 21:00,56.75654863360775
2025-01-08 22:00,55.637869187981124
2025-01-08 23:00,56.90488390358154
2025-01-09 00:00,58.20611055384557
2025-01-09 01:00,58.464264336066485
2025-01-09 02:00,56.62478822876309
2025-01-09 03:00,55.235500178597086
2025-01-09 04:00,56.62635822607929
2025-01-09 05:00,56.97124991906277
2025-01-09 06:00,53.76206066683871
2025-01-09 07:00,55.621090643333694
2025-01-09 08:00,54.71352579312551
2025-01-09 09:00,55.94524614915048
2025-01-09 10:00,55.25967620315828
2025-01-09 11:00,55.32060141387386
2025-01-09 12:00,55.208525760954274
2025-01-09 13:00,54.98201797288432
2025-01-09 14:00,55.349344635097744
2025-01-09 15:00,52.34161533085723
2025-01-09 16:00,55.839697523374404
2025-01-09 17:00,54.23326225395823
2025-01-09 18:00,54.57214816125947
2025-01-09 19:00,51.49241831704927
2025-01-09 20:00,51.19906942243609
2025-01-09 21:00,51.678119561533926
2025-01-09 22:00,48.55634510299084
2025-01-09 23:00,38.793161216332145
2025-01-10 00:00,36.95263190561204
2025-01-10 01:00,21.99988481977677
2025-01-10 02:00,13.411450768104974
2025-01-10 03:00,8.56132967583602
2025-01-10 04:00,6.046877075626687
2025-01-10 05:00,4.5472861921938765
2025-01-10 06:00,5.592490391567272
2025-01-10 07:00,5.944463700948574
2025-01-10 08:00,5.899153222224882
2025-01-10 09:00,5.5634988134208205
2025-01-10 10:00,5.506084588959136
2025-01-10 11:00,5.4931921888597115
2025-01-10 12:00,5.3687721346899195
2025-01-10 13:00,6.104341120109813
2025-01-10 14:00,6.5826393965730015
2025-01-10 15:00,8.312936524629794
2025-01-10 16:00,11.173198693877168
2025-01-10 17:00,9.431387121448509
2025-01-10 18:00,8.354497371039239
2025-01-10 19:00,8.268268587912162
2025-01-10 20:00,7.665949984058521
2025-01-10 21:00,5.654877949406063
2025-01-10 22:00,4.454263208621765
2025-01-10 23:00,5.62767005565087
2025-01-11 00:00,2.545969452522284
2025-01-11 01:00,1.8141537534465222
2025-01-11 02:00,1.4585022054164622
2025-01-11 03:00,1.4055978722820268
2025-01-11 04:00,1.467711077252961
2025-01-11 05:00,1.3976490659572731
2025-01-11 06:00,2.1880282067587085
2025-01-11 07:00,2.984226280252442
2025-01-11 08:00,2.8345974087411836
2025-01-11 09:00,1.1434728850468543
2025-01-11 10:00,0.7406030607291109
2025-01-11 11:00,1.0119776399071194
2025-01-11 12:00,1.0906716762777617
2025-01-11 13:00,2.300103917369521
2025-01-11 14:00,1.9710259610168357
2025-01-11 15:00,1.1826825718362584
2025-01-11 16:00,0.7832457911961795
2025-01-11 17:00,1.0937507697855788
2025-01-11 18:00,2.0832635198525145
2025-01-11 19:00,2.3048561315464067
2025-01-11 20:00,2.898981693309085
2025-01-11 21:00,2.6302602907898436
2025-01-11 22:00,2.4453788472774693
2025-01-11 23:00,3.1378440471416664
2025-01-12 00:00,1.4017581439294395
2025-01-12 01:00,2.6796865101390623
2025-01-12 02:00,2.799927891980656
2025-01-12 03:00,2.069437477009855
2025-01-12 04:00,2.7110234188513846
2025-01-12 05:00,2.6437935909104198
2025-01-12 06:00,2.0109024129654234
2025-01-12 07:00,1.78535472910385
2025-01-12 08:00,2.145026090101705
2025-01-12 09:00,1.2477511463536037
2025-01-12 10:00,1.0738406867529562
2025-01-12 11:00,0.8802754728820392
2025-01-12 12:00,1.9687299777207388
2025-01-12 13:00,2.0837193040517277
2025-01-12 14:00,2.761305044010415
2025-01-12 15:00,3.79544615304183
2025-01-12 16:00,4.25646038984829
2025-01-12 17:00,4.242017780687492
2025-01-12 18:00,2.4199754910380262
2025-01-12 19:00,2.8207996375811315
2025-01-12 20:00,3.1819711180055688
2025-01-12 21:00,3.7080209902425807
2025-01-12 22:00,6.293190809699485
2025-01-12 23:00,6.67850799547423
2025-01-13 00:00,5.71291037519237
2025-01-13 01:00,4.239715036162268
2025-01-13 02:00,4.189252503914484
2025-01-13 03:00,3.0449603641455605
2025-01-13 04:00,2.8281260191132884
2025-01-13 05:00,2.990695323869027
2025-01-13 06:00,1.6889492660403094
2025-01-13 07:00,0.9277062715296587
2025-01-13 08:00,1.1267452498451895
2025-01-13 09:00,1.4335291528269507
2025-01-13 10:00,0.3569396639669399
2025-01-13 11:00,1.2196719254049273
2025-01-13 12:00,2.8061409092553937
2025-01-13 13:00,4.858520865267077
2025-01-13 14:00,5.34460355575966
2025-01-13 15:00,6.544532969692841
2025-01-13 16:00,7.151412875922982
2025-01-13 17:00,11.550613913424973
2025-01-13 18:00,18.118330673746755
2025-01-13 19:00,24.63984844861481
2025-01-13 20:00,33.709860351386766
2025-01-13 21:00,38.09527770869636
2025-01-13 22:00,41.9640970768122
2025-01-13 23:00,33.503573612813646
2025-01-14 00:00,27.44396681736803
2025-01-14 01:00,25.253005675110614
2025-01-14 02:00,31.75199461180855
2025-01-14 03:00,37.435042784951015
2025-01-14 04:00,37.656140992750885
2025-01-14 05:00,36.796644200617436
2025-01-14 06:00,36.499043007583225
2025-01-14 07:00,31.759406742797587
2025-01-14 08:00,26.515871199215198
2025-01-14 09:00,24.104557299092537
2025-01-14 10:00,14.799227370006179
2025-01-14 11:00,14.5336534521703
2025-01-14 12:00,9.42807404195473
2025-01-14 13:00,9.15361148917391
2025-01-14 14:00,15.516501936634851
2025-01-14 15:00,18.638678285252542
2025-01-14 16:00,21.026201038229626
2025-01-14 17:00,17.92861332127921
2025-01-14 18:00,15.134745263944597
2025-01-14 19:00,16.96250883036326
2025-01-14 20:00,32.84625959430705
2025-01-14 21:00,43.96650768400085
2025-01-14 22:00,49.73935836296441
2025-01-14 23:00,50.7636086001143
2025-01-15 00:00,46.94434565092226
2025-01-15 01:00,43.34515728634706
2025-01-15 02:00,46.26252935471134
2025-01-15 03:00,45.6576838193416
2025-01-15 04:00,50.19376238890264
2025-01-15 05:00,47.87055129887833
2025-01-15 06:00,44.290651401998524
2025-01-15 07:00,37.028682747198296
2025-01-15 08:00,40.173810309563905
2025-01-15 09:00,49.35876909239812
2025-01-15 10:00,42.704079693628906
2025-01-15 11:00,43.87580032155767
2025-01-15 12:00,36.507474563546396
2025-01-15 13:00,38.24695553344406
2025-01-15 14:00,35.439180615280705
2025-01-15 15:00,36.38615708544562
2025-01-15 16:00,35.61891292180572
2025-01-15 17:00,35.14578286106726
2025-01-15 18:00,38.1721105766369
2025-01-15 19:00,45.80875925432399
2025-01-15 20:00,45.77348480897053
2025-01-15 21:00,39.880149672117746
2025-01-15 22:00,30.11301423023336
2025-01-15 23:00,13.158352986450044
2025-01-16 00:00,13.796737806265128
2025-01-16 01:00,7.118149415750776
2025-01-16 02:00,8.58235270592452
2025-01-16 03:00,4.0762583075013366
2025-01-16 04:00,3.7605230547059856
2025-01-16 05:00,6.5678092087934
2025-01-16 06:00,4.274220429488573
2025-01-16 07:00,5.646616641286199
2025-01-16 08:00,3.0616622021759756
2025-01-16 09:00,2.9945537386415557
2025-01-16 10:00,9.081708324871498
2025-01-16 11:00,8.62341538903873
2025-01-16 12:00,14.338314431950861
2025-01-16 13:00,13.14010129956331
2025-01-16 14:00,14.571288163241881
2025-01-16 15:00,12.352442014276654
2025-01-16 16:00,13.25979109101285
2025-01-16 17:00,7.661212737465029
2025-01-16 18:00,6.152888860160901
2025-01-16 19:00,6.996208136613522
2025-01-16 20:00,9.11290277440464
2025-01-16 21:00,15.953322324390594
2025-01-16 22:00,10.43886346752301
2025-01-16 23:00,5.952492084607033
2025-01-17 00:00,3.042814793419213
2025-01-17 01:00,9.960586793345406
2025-01-17 02:00,17.49834625474945
2025-01-17 03:00,18.743396259238875
2025-01-17 04:00,11.787216221984602
2025-01-17 05:00,4.606408623437192
2025-01-17 06:00,2.9995041019636526
2025-01-17 07:00,3.1706352099928505
2025-01-17 08:00,2.6999145102321407
2025-01-17 09:00,1.9659181210063381
2025-01-17 10:00,1.9082844939941026
2025-01-17 11:00,2.6448556734176227
2025-01-17 12:00,3.8398627062503103
2025-01-17 13:00,5.660675676296007
2025-01-17 14:00,10.27460811083846
2025-01-17 15:00,11.892903652434903
2025-01-17 16:00,16.01128264631481
2025-01-17 17:00,15.032455267703536
2025-01-17 18:00,11.808394552967012
2025-01-17 19:00,16.959482227242344
2025-01-17 20:00,19.799357829622178
2025-01-17 21:00,18.247073511547033
2025-01-17 22:00,15.802926715403398
2025-01-17 23:00,10.740215980499208
2025-01-18 00:00,3.536138394303666
2025-01-18 01:00,5.338030687085142
2025-01-18 02:00,6.025684789903863
2025-01-18 03:00,6.995860426676769
2025-01-18 04:00,7.215082054530738
2025-01-18 05:00,5.5815137588954835
2025-01-18 06:00,7.623114416589034
2025-01-18 07:00,7.872328258499444
2025-01-18 08:00,5.165892470268884
2025-01-18 09:00,3.770227965748612
2025-01-18 10:00,2.5139159942374856
2025-01-18 11:00,1.5144527768040978
2025-01-18 12:00,1.337384880209316
2025-01-18 13:00,2.163477576113959
2025-01-18 14:00,2.0499648793521965
2025-01-18 15:00,2.605988638340206
2025-01-18 16:00,4.366425543561667
2025-01-18 17:00,3.8971256843194086
2025-01-18 18:00,2.9665570111130006
2025-01-18 19:00,2.0184617157940483
2025-01-18 20:00,3.2936383947650865
2025-01-18 21:00,3.4106637939027724
2025-01-18 22:00,1.5330561892887078
2025-01-18 23:00,1.7286050272283635
2025-01-19 00:00,1.740974090771179
2025-01-19 01:00,1.3016500943750446
2025-01-19 02:00,2.161133348306146
2025-01-19 03:00,1.7460084125703998
2025-01-19 04:00,1.2242926176773932
2025-01-19 05:00,1.515382955819832
2025-01-19 06:00,1.0090453374774677
2025-01-19 07:00,1.1009401744461125
2025-01-19 08:00,0.693427972596555
2025-01-19 09:00,0.3477085951649727
2025-01-19 10:00,1.2293673232733076
2025-01-19 11:00,1.334769229576748
2025-01-19 12:00,1.558767551584829
2025-01-19 13:00,1.9464988049031229
2025-01-19 14:00,2.285855588087318
2025-01-19 15:00,2.398809928082397
2025-01-19 16:00,2.6769192132227815
2025-01-19 17:00,3.4525619686791695
2025-01-19 18:00,1.381813405529061
2025-01-19 19:00,2.076706940432963
2025-01-19 20:00,4.33362132174227
2025-01-19 21:00,4.344368519829956
2025-01-19 22:00,4.9726547910248495
2025-01-19 23:00,5.135434210407402
2025-01-20 00:00,2.246151787016205
2025-01-20 01:00,2.0825251243114544
2025-01-20 02:00,2.117538102093049
2025-01-20 03:00,2.246277688978748
2025-01-20 04:00,1.9671420314018109
2025-01-20 05:00,2.8688742077613663
2025-01-20 06:00,5.100476185274199
2025-01-20 07:00,4.139520262847927
2025-01-20 08:00,2.109782607263346
2025-01-20 09:00,1.8701436041082449
2025-01-20 10:00,1.7985686875106897
2025-01-20 11:00,3.7679399667689286
2025-01-20 12:00,4.083790383609816
2025-01-20 13:00,2.8840558068305513
2025-01-20 14:00,2.5932720026982414
2025-01-20 15:00,3.205049358710935
2025-01-20 16:00,2.900082173546135
2025-01-20 17:00,2.9822502734778142
2025-01-20 18:00,3.019974742057291
2025-01-20 19:00,3.7455971749569246
2025-01-20 20:00,3.6082885508899345
2025-01-20 21:00,3.9710951697880112
2025-01-20 22:00,3.3786315253126737
2025-01-20 23:00,3.296912540939256
2025-01-21 00:00,4.35985041698649
2025-01-21 01:00,4.439420990015749
2025-01-21 02:00,3.644592885866045
2025-01-21 03:00,6.4368574891923265
2025-01-21 04:00,6.250733932471093
2025-01-21 05:00,6.603892427723169
2025-01-21 06:00,6.857721684266751
2025-01-21 07:00,7.388985920648077
2025-01-21 08:00,5.199706199076772
2025-01-21 09:00,1.9109339122610254
2025-01-21 10:00,1.2691586048995378
2025-01-21 11:00,1.146557086401631
2025-01-21 12:00,2.4330014776303894
2025-01-21 13:00,3.5318743013956486
2025-01-21 14:00,4.902368497816829
2025-01-21 15:00,5.20322196420454
2025-01-21 16:00,4.90221641534607
2025-01-21 17:00,2.216826591082571
2025-01-21 18:00,1.4710979690871302
2025-01-21 19:00,2.3754685858076128
2025-01-21 20:00,1.9022555699406771
2025-01-21 21:00,1.0337936107025538
2025-01-21 22:00,3.8659802506174548
2025-01-21 23:00,2.9451651167257014
2025-01-22 00:00,2.280386002236273
2025-01-22 01:00,1.7112583400153483
2025-01-22 02:00,3.782719892868202
2025-01-22 03:00,4.650198536127915
2025-01-22 04:00,6.563310685152329
2025-01-22 05:00,4.856099654114997
2025-01-22 06:00,5.340832342980042
2025-01-22 07:00,1.48273880676529
2025-01-22 08:00,1.7062971515828702
2025-01-22 09:00,0.6676897870681753
2025-01-22 10:00,1.8709272635445604
2025-01-22 11:00,6.200199800103689
2025-01-22 12:00,4.114864219158225
2025-01-22 13:00,2.426449920502444
2025-01-22 14:00,3.106380072191879
2025-01-22 15:00,3.7444882256999503
2025-01-22 16:00,3.3854647518700025
2025-01-22 17:00,2.6438002609782494
2025-01-22 18:00,1.2597549420168024
2025-01-22 19:00,1.5768109164158994
2025-01-22 20:00,1.711090446396666
2025-01-22 21:00,2.5478212344711344
2025-01-22 22:00,1.9285715476928527
2025-01-22 23:00,2.9012103887353824
2025-01-23 00:00,3.8474728206365203
2025-01-23 01:00,5.75455532849149
2025-01-23 02:00,6.182727780467041
2025-01-23 03:00,6.065053475241533
2025-01-23 04:00,7.2651065392463785
2025-01-23 05:00,6.251195466252269
2025-01-23 06:00,8.24303834626078
2025-01-23 07:00,5.320003999121848
2025-01-23 08:00,3.5975798669333416
2025-01-23 09:00,3.686427535101844
2025-01-23 10:00,4.027996538219114
2025-01-23 11:00,3.6487497584804665
2025-01-23 12:00,1.6900416092736021
2025-01-23 13:00,3.5655185852445817
2025-01-23 14:00,8.67662820245015
2025-01-23 15:00,9.631412611204816
2025-01-23 16:00,11.23019540270708
2025-01-23 17:00,11.947806292485716
2025-01-23 18:00,9.611783542954134
2025-01-23 19:00,12.63885803836082
2025-01-23 20:00,14.481093685381897
2025-01-23 21:00,14.862094181296555
2025-01-23 22:00,16.20114487173515
2025-01-23 23:00,13.480127279020918
2025-01-24 00:00,10.205571155154336
2025-01-24 01:00,8.128867180955805
2025-01-24 02:00,7.408241909615336
2025-01-24 03:00,11.583642090464956
2025-01-24 04:00,12.557238393786966
2025-01-24 05:00,12.634751762550783
2025-01-24 06:00,9.110360015105886
2025-01-24 07:00,8.798004486481737
2025-01-24 08:00,9.50322874014203
2025-01-24 09:00,7.404491176954157
2025-01-24 10:00,7.118082759662751
2025-01-24 11:00,9.767703353808619
2025-01-24 12:00,11.821174842505883
2025-01-24 13:00,15.403265687835471
2025-01-24 14:00,16.619214280338973
2025-01-24 15:00,13.696037270097026
2025-01-24 16:00,16.645816802430986
2025-01-24 17:00,26.016135169186132
2025-01-24 18:00,20.617956869328175
2025-01-24 19:00,20.578120596962563
2025-01-24 20:00,21.75829112228212
2025-01-24 21:00,22.199289670236794
2025-01-24 22:00,23.802519537931314
2025-01-24 23:00,19.11688947661784
2025-01-25 00:00,13.827002060410525
2025-01-25 01:00,10.707780289831947
2025-01-25 02:00,14.12860475565822
2025-01-25 03:00,9.224124924859723
2025-01-25 04:00,8.214159581301317
2025-01-25 05:00,12.72690972328686
2025-01-25 06:00,12.183278348854115
2025-01-25 07:00,11.222762887116296
2025-01-25 08:00,9.843446144083856
2025-01-25 09:00,8.663291260414045
2025-01-25 10:00,9.238337246901306
2025-01-25 11:00,6.415375862261809
2025-01-25 12:00,6.437210067673573
2025-01-25 13:00,6.527150186195564
2025-01-25 14:00,6.427958055502349
2025-01-25 15:00,12.357355266432375
2025-01-25 16:00,18.06732027495404
2025-01-25 17:00,18.37728544230812
2025-01-25 18:00,14.315456099234098
2025-01-25 19:00,14.182680514851665
2025-01-25 20:00,15.368551729251422
2025-01-25 21:00,10.657856131548472
2025-01-25 22:00,10.093890916070913
2025-01-25 23:00,6.073794408249647
2025-01-26 00:00,9.219811063005817
2025-01-26 01:00,8.22032740589841
2025-01-26 02:00,8.959118093027362
2025-01-26 03:00,10.88473481325576
2025-01-26 04:00,11.72152880555901
2025-01-26 05:00,14.54172264412555
2025-01-26 06:00,13.45245237818782
2025-01-26 07:00,9.960969509141178
2025-01-26 08:00,6.755930695831486
2025-01-26 09:00,5.764007054585058
2025-01-26 10:00,3.442770361579041
2025-01-26 11:00,1.4637326445385903
2025-01-26 12:00,2.933721746732866
2025-01-26 13:00,2.7979542256475796
2025-01-26 14:00,2.231557662702476
2025-01-26 15:00,1.9987599441587112
2025-01-26 16:00,1.6469466958769114
2025-01-26 17:00,1.707309482779623
2025-01-26 18:00,2.060077284076923
2025-01-26 19:00,2.1381049971350667
2025-01-26 20:00,2.508063425016136
2025-01-26 21:00,2.456594520363649
2025-01-26 22:00,3.6396824717724967
2025-01-26 23:00,5.307015117739964
2025-01-27 00:00,7.044731239571423
2025-01-27 01:00,6.625200742229472
2025-01-27 02:00,4.304927611975541
2025-01-27 03:00,4.613083022558032
2025-01-27 04:00,15.733559618199656
2025-01-27 05:00,24.657183543880077
2025-01-27 06:00,38.75901998417343
2025-01-27 07:00,32.098228716310956
2025-01-27 08:00,36.85535541675736
2025-01-27 09:00,36.73701283782302
2025-01-27 10:00,46.50375273267573
2025-01-27 11:00,48.62360658474837
2025-01-27 12:00,32.30938582219366
2025-01-27 13:00,41.758628590206406
2025-01-27 14:00,39.29726739240994
2025-01-27 15:00,53.63101086298233
2025-01-27 16:00,54.62332819896522
2025-01-27 17:00,53.47980638101069
2025-01-27 18:00,53.565697826800076
2025-01-27 19:00,55.94393792645984
2025-01-27 20:00,57.11790970582339
2025-01-27 21:00,54.778529901120784
2025-01-27 22:00,55.2467945736467
2025-01-27 23:00,52.5976232663774
2025-01-28 00:00,54.979653286708455
2025-01-28 01:00,55.85668224588169
2025-01-28 02:00,53.72749797532926
2025-01-28 03:00,54.63085496061889
2025-01-28 04:00,56.26593816621823
2025-01-28 05:00,54.00921543535172
2025-01-28 06:00,51.90883886706875
2025-01-28 07:00,51.84481219782688
2025-01-28 08:00,53.88091097363312
2025-01-28 09:00,53.973122655068096
2025-01-28 10:00,54.57694680052945
2025-01-28 11:00,54.45420977917218
2025-01-28 12:00,54.86458472671089
2025-01-28 13:00,53.91264710679472
2025-01-28 14:00,54.73552247787522
2025-01-28 15:00,54.635769470509345
2025-01-28 16:00,55.52024113914051
2025-01-28 17:00,56.01208126098346
2025-01-28 18:00,54.91338432602855
2025-01-28 19:00,54.8445849687051
2025-01-28 20:00,56.42792944524585
2025-01-28 21:00,55.57022037584289
2025-01-28 22:00,56.319861483885205
2025-01-28 23:00,57.626380208371486
2025-01-29 00:00,52.48926154697564
2025-01-29 01:00,52.38410181776221
2025-01-29 02:00,50.25978471992648
2025-01-29 03:00,54.8607004817675
2025-01-29 04:00,50.42881597723827
2025-01-29 05:00,45.958001491359504
2025-01-29 06:00,49.72569504820434
2025-01-29 07:00,45.29819746489911
2025-01-29 08:00,48.11008469794258
2025-01-29 09:00,52.1658345759753
2025-01-29 10:00,54.310394420457136
2025-01-29 11:00,52.92375254099954
2025-01-29 12:00,52.25741947448128
2025-01-29 13:00,51.93494309825677
2025-01-29 14:00,51.765101168356146
2025-01-29 15:00,52.094617113664626
2025-01-29 16:00,51.72873091597576
2025-01-29 17:00,49.61858857195822
2025-01-29 18:00,51.40972260627747
2025-01-29 19:00,51.14333833652684
2025-01-29 20:00,49.233980253774085
2025-01-29 21:00,39.037431401795544
2025-01-29 22:00,29.04295542552701
2025-01-29 23:00,22.85878305922347
2025-01-30 00:00,15.250954828681163
2025-01-30 01:00,8.341567140044805
2025-01-30 02:00,5.6243206406894055
2025-01-30 03:00,8.490823780419444
2025-01-30 04:00,5.836041414284255
2025-01-30 05:00,6.23826409107548
2025-01-30 06:00,4.631357226924093
2025-01-30 07:00,5.711968080467251
2025-01-30 08:00,6.240718982060468
2025-01-30 09:00,7.145915304806831
2025-01-30 10:00,8.018929022621247
2025-01-30 11:00,3.707414838967279
2025-01-30 12:00,2.0164799048510327
2025-01-30 13:00,1.6509775612201552
2025-01-30 14:00,2.1675830112729813
2025-01-30 15:00,2.3068088702663774
2025-01-30 16:00,4.36340020308638
2025-01-30 17:00,9.821568493958871
2025-01-30 18:00,10.121647806281556
2025-01-30 19:00,11.43211216424745
2025-01-30 20:00,9.336335486256162
2025-01-30 21:00,7.454610210138027
2025-01-30 22:00,8.18587602648995
2025-01-30 23:00,9.142874890958716
2025-01-31 00:00,8.227109884589204
2025-01-31 01:00,5.377060389176273
2025-01-31 02:00,4.775433947077159
2025-01-31 03:00,4.406349923098013
2025-01-31 04:00,5.977965460654257
2025-01-31 05:00,7.120433382598586
2025-01-31 06:00,5.041648334008709
2025-01-31 07:00,3.2091570282544515
2025-01-31 08:00,1.759885632260139
2025-01-31 09:00,1.1547367529260573
2025-01-31 10:00,0.9163616113117341
2025-01-31 11:00,1.8873886944705678
2025-01-31 12:00,2.368171977820311
2025-01-31 13:00,3.6211606765645064
2025-01-31 14:00,2.856245886427642
2025-01-31 15:00,2.099987973071951
2025-01-31 16:00,1.0182012427806606
2025-01-31 17:00,1.88159602743425
2025-01-31 18:00,4.175966367184232
2025-01-31 19:00,5.99411865277236
2025-01-31 20:00,4.481689463937388
2025-01-31 21:00,4.110538142411397
2025-01-31 22:00,2.7684098338793333
2025-01-31 23:00,3.13461838856804
2025-02-01 00:00,3.46572270468476
2025-02-01 01:00,1.9502308481314574
2025-02-01 02:00,2.1088304319690856
2025-02-01 03:00,2.2696248066834706
2025-02-01 04:00,2.877955583698769
2025-02-01 05:00,4.286587329443956
2025-02-01 06:00,4.017597808058582
2025-02-01 07:00,4.591058208945532
2025-02-01 08:00,5.266846461784227
2025-02-01 09:00,4.299744902295026
2025-02-01 10:00,4.8801546863874
2025-02-01 11:00,5.612213738886773
2025-02-01 12:00,6.6533259147878
2025-02-01 13:00,7.90602948923401
2025-02-01 14:00,12.145197323600273
2025-02-01 15:00,14.869546237614879
2025-02-01 16:00,12.288690126277505
2025-02-01 17:00,7.828741338508657
2025-02-01 18:00,6.252954014977395
2025-02-01 19:00,9.02571140962355
2025-02-01 20:00,15.755742088516858
2025-02-01 21:00,16.558941278977557
2025-02-01 22:00,17.561291577646976
2025-02-01 23:00,15.161548989065693
2025-02-02 00:00,9.048238324794426
2025-02-02 01:00,8.316937818527881
2025-02-02 02:00,7.707797265663533
2025-02-02 03:00,7.262986575474438
2025-02-02 04:00,7.702042522119209
2025-02-02 05:00,6.818283668028857
2025-02-02 06:00,7.2964113506338295
2025-02-02 07:00,6.112355812687928
2025-02-02 08:00,6.05814274594535
2025-02-02 09:00,6.80824023476743
2025-02-02 10:00,6.549907256955026
2025-02-02 11:00,6.440881311404506
2025-02-02 12:00,5.715438207198654
2025-02-02 13:00,5.765183394394232
2025-02-02 14:00,5.592690776176274
2025-02-02 15:00,6.448175471883732
2025-02-02 16:00,11.837466389420745
2025-02-02 17:00,16.82113933580807
2025-02-02 18:00,18.13707710052426
2025-02-02 19:00,21.462553595837708
2025-02-02 20:00,23.974179997509992
2025-02-02 21:00,24.528078692615978
2025-02-02 22:00,23.487631797745276
2025-02-02 23:00,16.734148967700737
2025-02-03 00:00,25.165852066607005
2025-02-03 01:00,30.455048994394463
2025-02-03 02:00,38.69073364977029
2025-02-03 03:00,45.23843703429818
2025-02-03 04:00,53.82531615617069
2025-02-03 05:00,54.786292186025385
2025-02-03 06:00,57.0556983049618
2025-02-03 07:00,55.34231661081838
2025-02-03 08:00,54.767202374084356
2025-02-03 09:00,50.583022947978556
2025-02-03 10:00,49.023609917052234
2025-02-03 11:00,48.71433881617659
2025-02-03 12:00,48.41724135317203
2025-02-03 13:00,48.77556333690341
2025-02-03 14:00,49.229767604132086
2025-02-03 15:00,49.37463020420453
2025-02-03 16:00,49.73037548376382
2025-02-03 17:00,52.171649667193535
2025-02-03 18:00,55.389441184315146
2025-02-03 19:00,56.49102733609217
2025-02-03 20:00,56.930222110708556
2025-02-03 21:00,56.30819887333806
2025-02-03 22:00,56.87804142532139
2025-02-03 23:00,56.627414099979944
2025-02-04 00:00,57.51988284079097
2025-02-04 01:00,55.34774771098307
2025-02-04 02:00,55.14511803745652
2025-02-04 03:00,53.717972195202734
2025-02-04 04:00,54.805815552221425
2025-02-04 05:00,55.59739649328879
2025-02-04 06:00,55.65743132387577
2025-02-04 07:00,53.751422175599465
2025-02-04 08:00,55.46807686817316
2025-02-04 09:00,54.80179943939409
2025-02-04 10:00,54.44685064384236
2025-02-04 11:00,54.64947234775818
2025-02-04 12:00,55.94316866213036
2025-02-04 13:00,55.25987872332229
2025-02-04 14:00,55.307905505338525
2025-02-04 15:00,53.757780325843314
2025-02-04 16:00,56.06475661145361
2025-02-04 17:00,56.27645281744151
2025-02-04 18:00,51.02811571983066
2025-02-04 19:00,52.195298178715035
2025-02-04 20:00,53.64952506902094
2025-02-04 21:00,52.88330355781303
2025-02-04 22:00,50.27497152400602
2025-02-04 23:00,48.04823387699333
2025-02-05 00:00,46.31496381044957
2025-02-05 01:00,52.11949940714628
2025-02-05 02:00,47.624719678282524
2025-02-05 03:00,45.1179710446196
2025-02-05 04:00,44.86104246793487
2025-02-05 05:00,33.79814148818401
2025-02-05 06:00,25.741198377090065
2025-02-05 07:00,22.337918361562675
2025-02-05 08:00,20.68637197987592
2025-02-05 09:00,14.44465145461374
2025-02-05 10:00,7.778328670284958
2025-02-05 11:00,7.310604334424175
2025-02-05 12:00,9.76675025568222
2025-02-05 13:00,14.79480418477699
2025-02-05 14:00,20.80965760971695
2025-02-05 15:00,24.97073463090826
2025-02-05 16:00,41.222704898745135
2025-02-05 17:00,49.05862831230267
2025-02-05 18:00,53.02782069299996
2025-02-05 19:00,53.707565647106314
2025-02-05 20:00,52.46652908133354
2025-02-05 21:00,52.52132168826089
2025-02-05 22:00,52.387963474243456
2025-02-05 23:00,47.531337643672586
2025-02-06 00:00,46.11593142218243
2025-02-06 01:00,44.193037826700746
2025-02-06 02:00,33.79836749772099
2025-02-06 03:00,21.43627349720356
2025-02-06 04:00,12.281762195987076
2025-02-06 05:00,11.256132074881473
2025-02-06 06:00,12.76501638049731
2025-02-06 07:00,7.095273117020063
2025-02-06 08:00,5.572034389938716
2025-02-06 09:00,2.0292038279742126
2025-02-06 10:00,2.8210752547611166
2025-02-06 11:00,6.030281376129742
2025-02-06 12:00,20.476216608290827
2025-02-06 13:00,25.795152020926356
2025-02-06 14:00,40.89257512914597
2025-02-06 15:00,31.98190964503376
2025-02-06 16:00,28.13102075985029
2025-02-06 17:00,38.03229639866591
2025-02-06 18:00,48.92140480978328
2025-02-06 19:00,48.807363486795225
2025-02-06 20:00,46.48502445384198
2025-02-06 21:00,52.638808722939785
2025-02-06 22:00,52.57501683291294
2025-02-06 23:00,40.542287508621996
2025-02-07 00:00,23.39018429422787
2025-02-07 01:00,7.501908245590126
2025-02-07 02:00,13.238844376786536
2025-02-07 03:00,13.020269097743224
2025-02-07 04:00,14.66457777412058
2025-02-07 05:00,21.775207749764455
2025-02-07 06:00,18.420597319645335
2025-02-07 07:00,38.79326932390507
2025-02-07 08:00,45.092168142584896
2025-02-07 09:00,46.67188265437891
2025-02-07 10:00,48.33195027508982
2025-02-07 11:00,52.12558336481621
2025-02-07 12:00,54.428793747089784
2025-02-07 13:00,55.79124312249338
2025-02-07 14:00,55.94884261089791
2025-02-07 15:00,55.143460328087755
2025-02-07 16:00,54.90874573793191
2025-02-07 17:00,56.15022633798912
2025-02-07 18:00,55.844805345622376
2025-02-07 19:00,55.94636344488586
2025-02-07 20:00,55.215535478121616
2025-02-07 21:00,54.00083381156028
2025-02-07 22:00,53.455333305206366
2025-02-07 23:00,50.69563552285144
2025-02-08 00:00,46.98620732028771
2025-02-08 01:00,44.819112017638794
2025-02-08 02:00,39.29649294889392
2025-02-08 03:00,27.93936950047769
2025-02-08 04:00,23.622364041290062
2025-02-08 05:00,23.921051871329094
2025-02-08 06:00,22.426844319375995
2025-02-08 07:00,19.799445756320107
2025-02-08 08:00,17.03142036448955
2025-02-08 09:00,12.485368643867414
2025-02-08 10:00,19.351808502120743
2025-02-08 11:00,38.78104916793532
2025-02-08 12:00,46.63682975210583
2025-02-08 13:00,55.209643836267055
2025-02-08 14:00,52.5322548882768
2025-02-08 15:00,48.97269569912873
2025-02-08 16:00,45.170035963210445
2025-02-08 17:00,40.81341032812418
2025-02-08 18:00,30.55833669986019
2025-02-08 19:00,19.182054152572128
2025-02-08 20:00,8.857586570953394
2025-02-08 21:00,6.8062385428760885
2025-02-08 22:00,5.648193450689458
2025-02-08 23:00,5.008577094317213
2025-02-09 00:00,4.67915662230808
2025-02-09 01:00,3.435742919288981
2025-02-09 02:00,2.981804996653911
2025-02-09 03:00,4.113119924729819
2025-02-09 04:00,3.6648292095849486
2025-02-09 05:00,2.6108623367472634
2025-02-09 06:00,1.4800107855399343
2025-02-09 07:00,1.0350300862867239
2025-02-09 08:00,0.9504937509244984
2025-02-09 09:00,1.4142668396301086
2025-02-09 10:00,2.0315550217893343
2025-02-09 11:00,3.141282312771127
2025-02-09 12:00,4.003328887943704
2025-02-09 13:00,4.400727624352621
2025-02-09 14:00,5.637149995619768
2025-02-09 15:00,9.652059374110577
2025-02-09 16:00,11.158610684043689
2025-02-09 17:00,14.352455981331662
2025-02-09 18:00,17.505525344463788
2025-02-09 19:00,23.63965494627496
2025-02-09 20:00,25.763798346444787
2025-02-09 21:00,23.461275418157953
2025-02-09 22:00,15.540332349657383
2025-02-09 23:00,12.658762196072466
2025-02-10 00:00,4.850162934876528
2025-02-10 01:00,5.325853865201058
2025-02-10 02:00,8.83795722485507
2025-02-10 03:00,11.865526678949335
2025-02-10 04:00,9.539982709367685
2025-02-10 05:00,3.8236030704458486
2025-02-10 06:00,2.483775252061997
2025-02-10 07:00,1.2003849658056815
2025-02-10 08:00,1.2035660164632307
2025-02-10 09:00,0.825166650265837
2025-02-10 10:00,1.7342868173549222
2025-02-10 11:00,1.1732539811937004
2025-02-10 12:00,3.684950392458531
2025-02-10 13:00,6.699556562439074
2025-02-10 14:00,10.858906522747395
2025-02-10 15:00,14.973723908107946
2025-02-10 16:00,17.335463025038692
2025-02-10 17:00,18.758469005959522
2025-02-10 18:00,20.978674371691852
2025-02-10 19:00,11.32630554799341
2025-02-10 20:00,4.300825163165075
2025-02-10 21:00,2.0494674997478444
2025-02-10 22:00,1.2605917412384517
2025-02-10 23:00,1.0222746282544857
2025-02-11 00:00,1.4613940544328003
2025-02-11 01:00,0.9410485115913427
2025-02-11 02:00,1.5904291679436118
2025-02-11 03:00,2.0169255247295634
2025-02-11 04:00,2.094164985423656
2025-02-11 05:00,1.7888402316933831
2025-02-11 06:00,2.4279189506192846
2025-02-11 07:00,2.6396909892014744
2025-02-11 08:00,2.189164896023906
2025-02-11 09:00,1.3881651007178366
2025-02-11 10:00,1.7349885102912739
2025-02-11 11:00,1.7995617633375263
2025-02-11 12:00,1.3028262406291868
2025-02-11 13:00,0.7450751658780801
2025-02-11 14:00,0.3105162902104233
2025-02-11 15:00,0.8285433885307687
2025-02-11 16:00,0.8519186135125736
2025-02-11 17:00,2.2514674584210135
2025-02-11 18:00,2.6244690504687442
2025-02-11 19:00,2.032195581202655
2025-02-11 20:00,2.3167747917158614
2025-02-11 21:00,5.317060443182099
2025-02-11 22:00,6.669918655414648
2025-02-11 23:00,2.0790418077496793
2025-02-12 00:00,2.5497940276809565
2025-02-12 01:00,1.469656904235704
2025-02-12 02:00,0.8272789874287809
2025-02-12 03:00,1.4570557969919036
2025-02-12 04:00,2.1567670463748976
2025-02-12 05:00,4.578090688205569
2025-02-12 06:00,14.549576759638526
2025-02-12 07:00,14.668290812977798
2025-02-12 08:00,18.28284798619855
2025-02-12 09:00,16.428312876498833
2025-02-12 10:00,14.612693247604529
2025-02-12 11:00,13.306913548676535
2025-02-12 12:00,10.1968708517782
2025-02-12 13:00,25.040187286354506
2025-02-12 14:00,22.50663796333607
2025-02-12 15:00,23.67541994526742
2025-02-12 16:00,44.33345820566316
2025-02-12 17:00,51.71863300543393
2025-02-12 18:00,54.73118536956837
2025-02-12 19:00,56.00695618932809
2025-02-12 20:00,57.13003110469117
2025-02-12 21:00,57.73694553500846
2025-02-12 22:00,56.58474883935638
2025-02-12 23:00,55.94944613003712
2025-02-13 00:00,55.20115004969778
2025-02-13 01:00,52.3166752902104
2025-02-13 02:00,49.84197062160051
2025-02-13 03:00,47.85838513990401
2025-02-13 04:00,38.595406042600544
2025-02-13 05:00,15.021151267520981
2025-02-13 06:00,9.174135487004659
2025-02-13 07:00,5.202764537838142
2025-02-13 08:00,2.7003846826163924
2025-02-13 09:00,1.8168717463369721
2025-02-13 10:00,2.854970903254077
2025-02-13 11:00,6.828898224127825
2025-02-13 12:00,6.294579357208393
2025-02-13 13:00,7.925400027179102
2025-02-13 14:00,8.426674536941949
2025-02-13 15:00,11.07581085579849
2025-02-13 16:00,13.382592293854232
2025-02-13 17:00,13.268518014288817
2025-02-13 18:00,8.615613091581608
2025-02-13 19:00,6.128537238324933
2025-02-13 20:00,5.647116071067031
2025-02-13 21:00,5.456762391587255
2025-02-13 22:00,3.9742162728923764
2025-02-13 23:00,4.579369968350955
2025-02-14 00:00,4.9743573992111525
2025-02-14 01:00,5.226737975470444
2025-02-14 02:00,7.632975107159924
2025-02-14 03:00,9.107349582066394
2025-02-14 04:00,6.432174423187661
2025-02-14 05:00,2.3221900346334277
2025-02-14 06:00,1.5707873702762705
2025-02-14 07:00,1.1375497207413068
2025-02-14 08:00,0.9866578559631218
2025-02-14 09:00,0.3816925245437499
2025-02-14 10:00,1.1953395848983654
2025-02-14 11:00,3.381018883133001
2025-02-14 12:00,2.4681211672406356
2025-02-14 13:00,3.2267821545702264
2025-02-14 14:00,3.2300677140598824
2025-02-14 15:00,3.355723724027801
2025-02-14 16:00,2.403702292822543
2025-02-14 17:00,1.9789679151797828
2025-02-14 18:00,2.126485568561688
2025-02-14 19:00,2.7415634112943583
2025-02-14 20:00,2.677090870747769
2025-02-14 21:00,2.366244448356246
2025-02-14 22:00,1.675756863452162
2025-02-14 23:00,4.340770131024624
2025-02-15 00:00,3.4632160106405134
2025-02-15 01:00,2.769101595999849
2025-02-15 02:00,1.1480529677610236
2025-02-15 03:00,1.0777802340108624
2025-02-15 04:00,1.492135825241646
2025-02-15 05:00,2.3224122148486592
2025-02-15 06:00,2.599665743367516
2025-02-15 07:00,2.16012481830827
2025-02-15 08:00,1.6086638975320078
2025-02-15 09:00,1.0179924952494892
2025-02-15 10:00,0.517289506422097
2025-02-15 11:00,0.7157815360647245
2025-02-15 12:00,1.2920010102446973
2025-02-15 13:00,2.2691876085868836
2025-02-15 14:00,2.3616589412492632
2025-02-15 15:00,2.72607671400695
2025-02-15 16:00,2.9023276890076746
2025-02-15 17:00,2.8436957866475394
2025-02-15 18:00,2.5124267848660957
2025-02-15 19:00,1.202678137682265
2025-02-15 20:00,2.0235112134237787
2025-02-15 21:00,1.807134825699629
2025-02-15 22:00,1.1410429160179019
2025-02-15 23:00,1.6411930771314402
2025-02-16 00:00,1.5304083663951533
2025-02-16 01:00,3.134443065296512
2025-02-16 02:00,2.3644942391891863
2025-02-16 03:00,1.0450035985405661
2025-02-16 04:00,3.195052380351369
2025-02-16 05:00,4.291724342548367
2025-02-16 06:00,4.771038609450384
2025-02-16 07:00,3.7288066705824026
2025-02-16 08:00,3.29494364220794
2025-02-16 09:00,1.9272798819805064
2025-02-16 10:00,1.6949970059385255
2025-02-16 11:00,3.3250345938687493
2025-02-16 12:00,4.590368296393875
2025-02-16 13:00,7.49028297008167
2025-02-16 14:00,10.854220190793168
2025-02-16 15:00,16.980386979398194
2025-02-16 16:00,21.03437291736395
2025-02-16 17:00,20.543395236502107
2025-02-16 18:00,20.01845637945425
2025-02-16 19:00,32.724335918712164
2025-02-16 20:00,44.04120295392626
2025-02-16 21:00,49.48675824958582
2025-02-16 22:00,47.66364195040727
2025-02-16 23:00,52.28607913659434
2025-02-17 00:00,52.84349572047616
2025-02-17 01:00,53.02318985009746
2025-02-17 02:00,48.96617538093818
2025-02-17 03:00,49.42587014827959
2025-02-17 04:00,46.46215592685097
2025-02-17 05:00,47.06159116994163
2025-02-17 06:00,45.23693763393206
2025-02-17 07:00,41.176252466182966
2025-02-17 08:00,47.00176625906001
2025-02-17 09:00,48.82159561953261
2025-02-17 10:00,50.052854765090935
2025-02-17 11:00,48.55801604348926
2025-02-17 12:00,47.85410825046231
2025-02-17 13:00,48.3150004732882
2025-02-17 14:00,48.55167405893513
2025-02-17 15:00,48.00225747200702
2025-02-17 16:00,48.68056253340336
2025-02-17 17:00,42.67178634130223
2025-02-17 18:00,43.4706920770317
2025-02-17 19:00,44.437239981555564
2025-02-17 20:00,42.57749484494485
2025-02-17 21:00,43.29711868092446
2025-02-17 22:00,43.38923600707311
2025-02-17 23:00,43.22285021059939
2025-02-18 00:00,43.13747421600581
2025-02-18 01:00,40.97490188237704
2025-02-18 02:00,35.763904388887326
2025-02-18 03:00,31.82608782181149
2025-02-18 04:00,35.76145234586196
2025-02-18 05:00,38.213592211089995
2025-02-18 06:00,38.91818833117715
2025-02-18 07:00,32.33251164807484
2025-02-18 08:00,34.68117748270571
2025-02-18 09:00,34.927885533942145
2025-02-18 10:00,42.99799518047866
2025-02-18 11:00,45.568835272218934
2025-02-18 12:00,46.54970580156113
2025-02-18 13:00,46.08115203361771
2025-02-18 14:00,45.94130438418483
2025-02-18 15:00,46.84984467013377
2025-02-18 16:00,49.107506270128134
2025-02-18 17:00,50.55023201423425
2025-02-18 18:00,45.76650825429316
2025-02-18 19:00,46.14699041226375
2025-02-18 20:00,46.45183952290529
2025-02-18 21:00,49.19761263757456
2025-02-18 22:00,50.72855589203925
2025-02-18 23:00,49.87840163058531
2025-02-19 00:00,46.074922173806286
2025-02-19 01:00,45.65835366345992
2025-02-19 02:00,36.90721159590132
2025-02-19 03:00,20.468962158765287
2025-02-19 04:00,24.664266883638422
2025-02-19 05:00,32.57983367293196
2025-02-19 06:00,37.42432483407503
2025-02-19 07:00,33.578944887792545
2025-02-19 08:00,44.019653865147575
2025-02-19 09:00,47.056655239395404
2025-02-19 10:00,47.92939858517936
2025-02-19 11:00,47.15135703024861
2025-02-19 12:00,46.784214450873456
2025-02-19 13:00,46.47771181495104
2025-02-19 14:00,46.42981118439963
2025-02-19 15:00,46.433736531998896
2025-02-19 16:00,47.75392699002717
2025-02-19 17:00,42.29709154687123
2025-02-19 18:00,43.50451214277372
2025-02-19 19:00,44.29276312397553
2025-02-19 20:00,45.03893989050486
2025-02-19 21:00,41.65823950264695
2025-02-19 22:00,36.88799216029768
2025-02-19 23:00,29.59646450232985
2025-02-20 00:00,25.51426868549753
2025-02-20 01:00,20.26397188046582
2025-02-20 02:00,23.889702568331067
2025-02-20 03:00,26.292554580061278
2025-02-20 04:00,26.976927634141326
2025-02-20 05:00,20.10622925079768
2025-02-20 06:00,9.407910254157885
2025-02-20 07:00,5.537009825176807
2025-02-20 08:00,4.711133361233991
2025-02-20 09:00,8.632527887072118
2025-02-20 10:00,11.959981043863273
2025-02-20 11:00,22.429594698850742
2025-02-20 12:00,33.17145760923907
2025-02-20 13:00,39.605200281186875
2025-02-20 14:00,40.296137024745406
2025-02-20 15:00,44.114010882308435
2025-02-20 16:00,37.24495649217145
2025-02-20 17:00,38.79686474158113
2025-02-20 18:00,41.84197168962257
2025-02-20 19:00,44.12499813895168
2025-02-20 20:00,42.4084766197072
2025-02-20 21:00,44.51230761792636
2025-02-20 22:00,48.14617972013317
2025-02-20 23:00,47.55242814816577
2025-02-21 00:00,43.08324399148691
2025-02-21 01:00,41.60915969454217
2025-02-21 02:00,39.85344717072337
2025-02-21 03:00,32.23070256729904
2025-02-21 04:00,25.683540012643288
2025-02-21 05:00,21.5152936067898
2025-02-21 06:00,18.12784001501692
2025-02-21 07:00,15.017567331286163
2025-02-21 08:00,12.250694543242519
2025-02-21 09:00,19.7297798014459
2025-02-21 10:00,14.48047426526218
2025-02-21 11:00,16.178470384364754
2025-02-21 12:00,16.594535080502727
2025-02-21 13:00,21.796529558143995
2025-02-21 14:00,30.96789252759064
2025-02-21 15:00,36.13368185377804
2025-02-21 16:00,34.717308993318476
2025-02-21 17:00,38.50981427319132
2025-02-21 18:00,38.157916707297694
2025-02-21 19:00,34.77363118178551
2025-02-21 20:00,36.40400217088059
2025-02-21 21:00,35.92150985707977
2025-02-21 22:00,33.43867430135878
2025-02-21 23:00,31.782231376242663
2025-02-22 00:00,28.74950406360803
2025-02-22 01:00,25.36008171337324
2025-02-22 02:00,36.44246848890538
2025-02-22 03:00,51.613757160276876
2025-02-22 04:00,51.206188968187206
2025-02-22 05:00,48.42559253429539
2025-02-22 06:00,46.463869163678446
2025-02-22 07:00,29.107435021289465
2025-02-22 08:00,29.09082945328582
2025-02-22 09:00,28.631845243117226
2025-02-22 10:00,22.593610657954653
2025-02-22 11:00,20.02160492163054
2025-02-22 12:00,20.018384996853854
2025-02-22 13:00,29.773763608068954
2025-02-22 14:00,35.20690784860229
2025-02-22 15:00,32.52140463631121
2025-02-22 16:00,32.858342399827976
2025-02-22 17:00,32.86977299996271
2025-02-22 18:00,37.05886842229445
2025-02-22 19:00,38.33092221698982
2025-02-22 20:00,38.227034452433315
2025-02-22 21:00,37.86535593626769
2025-02-22 22:00,34.90921937970224
2025-02-22 23:00,34.417398217936565
2025-02-23 00:00,34.370962823743966
2025-02-23 01:00,35.33679595387686
2025-02-23 02:00,35.2450342444727
2025-02-23 03:00,30.11188317845566
2025-02-23 04:00,15.695569646093997
2025-02-23 05:00,7.693819941264304
2025-02-23 06:00,5.099352550603003
2025-02-23 07:00,7.60937909980454
2025-02-23 08:00,30.14883922330388
2025-02-23 09:00,47.524205198725944
2025-02-23 10:00,45.6439323888054
2025-02-23 11:00,44.67286040618938
2025-02-23 12:00,45.6496377687773
2025-02-23 13:00,46.73209343997866
2025-02-23 14:00,47.962210986059354
2025-02-23 15:00,47.94356927842837
2025-02-23 16:00,48.477101747562195
2025-02-23 17:00,49.6692340365392
2025-02-23 18:00,50.5897481561705
2025-02-23 19:00,50.90948962457891
2025-02-23 20:00,49.858851217555845
2025-02-23 21:00,50.625142770685585
2025-02-23 22:00,50.54093325630932
2025-02-23 23:00,50.122346514639744
2025-02-24 00:00,46.92148594587244
2025-02-24 01:00,46.29258401290794
2025-02-24 02:00,41.532919140543456
2025-02-24 03:00,30.573024937166466
2025-02-24 04:00,14.942523525128852
2025-02-24 05:00,9.048121527524948
2025-02-24 06:00,8.004240453855834
2025-02-24 07:00,6.401225363384458
2025-02-24 08:00,5.340842735073939
2025-02-24 09:00,9.464700871245503
2025-02-24 10:00,14.092108836663705
2025-02-24 11:00,16.753443173796896
2025-02-24 12:00,16.503433034501423
2025-02-24 13:00,14.566527437314186
2025-02-24 14:00,15.973545570496828
2025-02-24 15:00,16.885646541542645
2025-02-24 16:00,19.84495450998986
2025-02-24 17:00,23.253923696037063
2025-02-24 18:00,15.972212165697453
2025-02-24 19:00,18.484727656930993
2025-02-24 20:00,13.493876697060992
2025-02-24 21:00,5.550485979026874
2025-02-24 22:00,1.7410550033954144
2025-02-24 23:00,1.2595522113321083
2025-02-25 00:00,1.3785632878389464
2025-02-25 01:00,1.9269813320812073
2025-02-25 02:00,2.6684273479546206
2025-02-25 03:00,3.9089790768053128
2025-02-25 04:00,2.836927610861043
2025-02-25 05:00,3.494948795996719
2025-02-25 06:00,2.399592673484098
2025-02-25 07:00,3.4624292886329395
2025-02-25 08:00,2.5701815788150943
2025-02-25 09:00,2.120357551133682
2025-02-25 10:00,2.341250526501149
2025-02-25 11:00,4.748689466445018
2025-02-25 12:00,5.676029183200357
2025-02-25 13:00,6.848586291268544
2025-02-25 14:00,8.217748477505806
2025-02-25 15:00,10.842865634271345
2025-02-25 16:00,15.759744557176102
2025-02-25 17:00,19.594940351434587
2025-02-25 18:00,18.038056119570072
2025-02-25 19:00,14.42338170744824
2025-02-25 20:00,21.67985728235845
2025-02-25 21:00,25.34604195820784
2025-02-25 22:00,24.551178214410815
2025-02-25 23:00,17.018765029056027
2025-02-26 00:00,10.879455875042353
2025-02-26 01:00,9.329403558341786
2025-02-26 02:00,13.489108467328313
2025-02-26 03:00,18.00955175631668
2025-02-26 04:00,15.887426418399276
2025-02-26 05:00,10.580442900964746
2025-02-26 06:00,14.102772232699374
2025-02-26 07:00,13.90451203629774
2025-02-26 08:00,13.203183691438692
2025-02-26 09:00,15.448231366193612
2025-02-26 10:00,13.015499152151069
2025-02-26 11:00,12.538457539288324
2025-02-26 12:00,12.3232949825243
2025-02-26 13:00,12.40583015869722
2025-02-26 14:00,12.353750356109343
2025-02-26 15:00,9.327052441536457
2025-02-26 16:00,8.13783383366594
2025-02-26 17:00,7.76478098239953
2025-02-26 18:00,2.887573598070317
2025-02-26 19:00,1.3084347060750376
2025-02-26 20:00,1.6229440758835039
2025-02-26 21:00,1.7821112092817213
2025-02-26 22:00,1.2760687743192198
2025-02-26 23:00,1.355866102606543
2025-02-27 00:00,0.5208822174055024
2025-02-27 01:00,0.09008300653609633
2025-02-27 02:00,0.26458953958665876
2025-02-27 03:00,0.22500093079623976
2025-02-27 04:00,0.1579952557377716
2025-02-27 05:00,0.2724080959271028
2025-02-27 06:00,0.2881486965719139
2025-02-27 07:00,0.8995087687196782
2025-02-27 08:00,0.7411722708553236
2025-02-27 09:00,1.6122803080426165
2025-02-27 10:00,0.6760920461886586
2025-02-27 11:00,0.9689853425012596
2025-02-27 12:00,1.0123354575172758
2025-02-27 13:00,1.45805970810393
2025-02-27 14:00,2.930108540901401
2025-02-27 15:00,4.666993512897726
2025-02-27 16:00,4.208835874287506
2025-02-27 17:00,5.096363211829184
2025-02-27 18:00,3.8914399128682566
2025-02-27 19:00,2.6084575036540514
2025-02-27 20:00,1.9113605199792627
2025-02-27 21:00,1.6558812381493269
2025-02-27 22:00,1.119339126738645
2025-02-27 23:00,1.3760049667744794
2025-02-28 00:00,1.1712899994934975
2025-02-28 01:00,1.6561332958446706
2025-02-28 02:00,2.0843939545329957
2025-02-28 03:00,2.4811540825483718
2025-02-28 04:00,1.9012325713149338
2025-02-28 05:00,2.0749362538107277
2025-02-28 06:00,1.2456115191877408
2025-02-28 07:00,1.2580624157501414
2025-02-28 08:00,1.876664818702234
2025-02-28 09:00,2.1165280904923773
2025-02-28 10:00,1.8137911769929531
2025-02-28 11:00,2.8083557991597385
2025-02-28 12:00,6.570482301642654
2025-02-28 13:00,5.851715368819721
2025-02-28 14:00,5.801117722520154
2025-02-28 15:00,4.953649751835806
2025-02-28 16:00,5.508408860171653
2025-02-28 17:00,4.731160011026098
2025-02-28 18:00,4.880601668634335
2025-02-28 19:00,3.722022534050038
2025-02-28 20:00,4.884915346661917
2025-02-28 21:00,4.362821968596124
2025-02-28 22:00,6.881653945361032
2025-02-28 23:00,6.375238602197744
2025-03-01 00:00,2.9558959917544745
2025-03-01 01:00,3.514723559355528
2025-03-01 02:00,3.027785210450562
2025-03-01 03:00,3.049299514290907
2025-03-01 04:00,3.201611209772752
2025-03-01 05:00,3.187700310328112
2025-03-01 06:00,4.284417517886947
2025-03-01 07:00,4.75375987425084
2025-03-01 08:00,3.090829111263199
2025-03-01 09:00,1.9927859535622903
2025-03-01 10:00,2.799147114703422
2025-03-01 11:00,2.6702956706996006
2025-03-01 12:00,2.839447974437169
2025-03-01 13:00,3.404542060230849
2025-03-01 14:00,9.055365625634238
2025-03-01 15:00,13.34057675725891
2025-03-01 16:00,10.694747746161578
2025-03-01 17:00,9.242762519064392
2025-03-01 18:00,10.501514908491872
2025-03-01 19:00,10.757119271184543
2025-03-01 20:00,10.743964204205788
2025-03-01 21:00,10.958307860946476
2025-03-01 22:00,6.963037528818177
2025-03-01 23:00,9.661762979939367
2025-03-02 00:00,15.535924170912988
2025-03-02 01:00,14.718673300272485
2025-03-02 02:00,10.856141907993848
2025-03-02 03:00,11.779414928995802
2025-03-02 04:00,8.715834307013345
2025-03-02 05:00,7.519655771293381
2025-03-02 06:00,8.808149051330096
2025-03-02 07:00,9.43519474357548
2025-03-02 08:00,5.856553226562861
2025-03-02 09:00,8.143032897292942
2025-03-02 10:00,8.053641691651753
2025-03-02 11:00,7.288690779716856
2025-03-02 12:00,6.9732162552979275
2025-03-02 13:00,9.127721633105839
2025-03-02 14:00,7.967568069573415
2025-03-02 15:00,6.261291638105243
2025-03-02 16:00,5.967044813387218
2025-03-02 17:00,5.897383051128799
2025-03-02 18:00,9.485832948688074
2025-03-02 19:00,17.560060540027663
2025-03-02 20:00,19.265719157955687
2025-03-02 21:00,13.198280939084706
2025-03-02 22:00,33.401592749394545
2025-03-02 23:00,34.42303813856716
2025-03-03 00:00,48.61959500457936
2025-03-03 01:00,53.02794135987822
2025-03-03 02:00,52.731502104593716
2025-03-03 03:00,53.38155120321763
2025-03-03 04:00,51.37198502625368
2025-03-03 05:00,45.367109146094215
2025-03-03 06:00,43.26409026350423
2025-03-03 07:00,41.54251514583405
2025-03-03 08:00,51.44631499275422
2025-03-03 09:00,45.20203036766031
2025-03-03 10:00,39.37913412710168
2025-03-03 11:00,39.97888189071291
2025-03-03 12:00,39.21956824258591
2025-03-03 13:00,36.601053034238895
2025-03-03 14:00,36.82567794524433
2025-03-03 15:00,37.17101619289307
2025-03-03 16:00,39.40070871087032
2025-03-03 17:00,36.66036338111616
2025-03-03 18:00,35.893120337114965
2025-03-03 19:00,29.37350188107942
2025-03-03 20:00,33.215641369664226
2025-03-03 21:00,26.520877805245174
2025-03-03 22:00,26.538607925628103
2025-03-03 23:00,22.3912494459519
2025-03-04 00:00,23.50332616009885
2025-03-04 01:00,22.329606823388126
2025-03-04 02:00,31.031058308425948
2025-03-04 03:00,36.72272051615174
2025-03-04 04:00,30.85379573440656
2025-03-04 05:00,35.83647085903464
2025-03-04 06:00,35.84020024590332
2025-03-04 07:00,33.09487067178245
2025-03-04 08:00,36.43490003131574
2025-03-04 09:00,32.12038733406703
2025-03-04 10:00,22.748333856092106
2025-03-04 11:00,21.606528700050728
2025-03-04 12:00,21.300583818155857
2025-03-04 13:00,20.668138700821057
2025-03-04 14:00,21.087495217022685
2025-03-04 15:00,21.767817653225595
2025-03-04 16:00,22.65126435370486
2025-03-04 17:00,26.169341580298838
2025-03-04 18:00,27.445667629432336
2025-03-04 19:00,39.976454079976406
2025-03-04 20:00,40.458501174263766
2025-03-04 21:00,34.77732204508938
2025-03-04 22:00,25.74238313899087
2025-03-04 23:00,14.851566002584763
2025-03-05 00:00,10.067267439717074
2025-03-05 01:00,10.553010062525773
2025-03-05 02:00,10.405983666474992
2025-03-05 03:00,8.491700033071627
2025-03-05 04:00,7.27338605412759
2025-03-05 05:00,4.60104465053
2025-03-05 06:00,4.398938514087115
2025-03-05 07:00,4.577133412627941
2025-03-05 08:00,4.034884040406977
2025-03-05 09:00,3.478057650411658
2025-03-05 10:00,2.807042142887307
2025-03-05 11:00,5.635739180067261
2025-03-05 12:00,8.621644504974986
2025-03-05 13:00,8.409505324268594
2025-03-05 14:00,12.826599044111335
2025-03-05 15:00,13.561250745703136
2025-03-05 16:00,13.032608364226457
2025-03-05 17:00,11.482195147346708
2025-03-05 18:00,14.581564161640207
2025-03-05 19:00,18.65899707109487
2025-03-05 20:00,29.580641924947138
2025-03-05 21:00,34.585128777447366
2025-03-05 22:00,30.54810785615567
2025-03-05 23:00,26.492386565851493
2025-03-06 00:00,21.545174591227774
2025-03-06 01:00,14.02725716930919
2025-03-06 02:00,14.694792054758073
2025-03-06 03:00,13.56308848726347
2025-03-06 04:00,11.826881527710894
2025-03-06 05:00,4.932508869649539
2025-03-06 06:00,4.8824748728465615
2025-03-06 07:00,5.608785542232884
2025-03-06 08:00,2.763874930871786
2025-03-06 09:00,2.88844318087646
2025-03-06 10:00,10.072882552982403
2025-03-06 11:00,18.803376453248454
2025-03-06 12:00,24.032391857049163
2025-03-06 13:00,35.81539538406571
2025-03-06 14:00,35.23205380452018
2025-03-06 15:00,33.15017404535672
2025-03-06 16:00,31.687212848534948
2025-03-06 17:00,32.23265578446253
2025-03-06 18:00,20.87852595658815
2025-03-06 19:00,16.372189722605714
2025-03-06 20:00,10.266785648921411
2025-03-06 21:00,7.499292139878833
2025-03-06 22:00,4.62428062815267
2025-03-06 23:00,2.217888442445298
2025-03-07 00:00,2.100040519933978
2025-03-07 01:00,1.9302254459113128
2025-03-07 02:00,2.446093764222727
2025-03-07 03:00,3.568029530251989
2025-03-07 04:00,3.7119982472936206
2025-03-07 05:00,3.22850096026596
2025-03-07 06:00,1.2891977905901908
2025-03-07 07:00,0.2024261708818537
2025-03-07 08:00,0.39717976427375096
2025-03-07 09:00,0.39975265148366596
2025-03-07 10:00,0.06981983122349647
2025-03-07 11:00,0.0740052434179304
2025-03-07 12:00,0.42314989786412266
2025-03-07 13:00,1.4452283069751992
2025-03-07 14:00,2.2141734275525926
2025-03-07 15:00,4.442282461455062
2025-03-07 16:00,10.802004367847996
2025-03-07 17:00,7.821147144221172
2025-03-07 18:00,6.317880845691437
2025-03-07 19:00,2.767420695474697
2025-03-07 20:00,0.5237749557018565
2025-03-07 21:00,0.7743499690001758
2025-03-07 22:00,0.3962878936869979
2025-03-07 23:00,0.3536855767781682
2025-03-08 00:00,0.6118938185107232
2025-03-08 01:00,0.5514971778370074
2025-03-08 02:00,0.7773460264173613
2025-03-08 03:00,0.9930131700062712
2025-03-08 04:00,1.7050177565613098
2025-03-08 05:00,1.64603992240123
2025-03-08 06:00,1.8260262559565965
2025-03-08 07:00,1.5977193953357602
2025-03-08 08:00,1.1727136266100036
2025-03-08 09:00,0.9359189860098809
2025-03-08 10:00,0.7450827845303097
2025-03-08 11:00,0.5734480817410192
2025-03-08 12:00,0.8684178595399972
2025-03-08 13:00,2.7630098304676185
2025-03-08 14:00,3.7320048782589796
2025-03-08 15:00,3.862042858024152
2025-03-08 16:00,5.058045222678997
2025-03-08 17:00,4.86278204762539
2025-03-08 18:00,3.118964913845965
2025-03-08 19:00,2.3886668942446603
2025-03-08 20:00,2.9448340467743743
2025-03-08 21:00,2.4757338781071176
2025-03-08 22:00,1.8373177198298543
2025-03-08 23:00,0.9835092821538186
2025-03-09 00:00,2.4592964643784847
2025-03-09 01:00,3.345729580410634
2025-03-09 02:00,3.3614306148942603
2025-03-09 03:00,5.0516128405016
2025-03-09 04:00,4.170587822349792
2025-03-09 05:00,4.431668111161768
2025-03-09 06:00,4.123179204908021
2025-03-09 07:00,2.6258917026294624
2025-03-09 08:00,1.3186830829298457
2025-03-09 09:00,1.9615377089507322
2025-03-09 10:00,2.841718990158339
2025-03-09 11:00,4.090191081414204
2025-03-09 12:00,5.81786790384595
2025-03-09 13:00,6.453479619865345
2025-03-09 14:00,5.422238848146307
2025-03-09 15:00,6.317811057337985
2025-03-09 16:00,7.277767897109855
2025-03-09 17:00,7.058167304784317
2025-03-09 18:00,5.050360945790291
2025-03-09 19:00,3.7517959763521302
2025-03-09 20:00,2.5728483037808476
2025-03-09 21:00,1.3660340507510378
2025-03-09 22:00,2.0232634736001476
2025-03-09 23:00,1.031855691581456
2025-03-10 00:00,1.1077517718965086
2025-03-10 01:00,0.9790560055410242
2025-03-10 02:00,1.4405589725485903
2025-03-10 03:00,0.14332459993249955
2025-03-10 04:00,1.1470999845184218
2025-03-10 05:00,2.7970690612278823
2025-03-10 06:00,3.749290012180352
2025-03-10 07:00,1.9724469422858273
2025-03-10 08:00,0.9988340226822809
2025-03-10 09:00,2.2160461089303958
2025-03-10 10:00,2.480601644517912
2025-03-10 11:00,3.448670968365251
2025-03-10 12:00,3.018931382112901
2025-03-10 13:00,2.6781568127719075
2025-03-10 14:00,2.1481694309608037
2025-03-10 15:00,3.732279191449305
2025-03-10 16:00,3.917460824263558
2025-03-10 17:00,2.6046908466681304
2025-03-10 18:00,2.4498265986361014
2025-03-10 19:00,1.308083350753464
2025-03-10 20:00,0.5646852698260785
2025-03-10 21:00,0.4965888607265413
2025-03-10 22:00,0.9018101616676657
2025-03-10 23:00,0.7105472206592784
2025-03-11 00:00,1.2126908470112294
2025-03-11 01:00,1.442710294547605
2025-03-11 02:00,1.6532874847151444
2025-03-11 03:00,2.880461817889435
2025-03-11 04:00,1.6316795615270332
2025-03-11 05:00,4.908261678459082
2025-03-11 06:00,11.438425681525185
2025-03-11 07:00,7.176634453815025
2025-03-11 08:00,2.1629027786837014
2025-03-11 09:00,1.5626442329942154
2025-03-11 10:00,0.6890793563040385
2025-03-11 11:00,0.4659639089016063
2025-03-11 12:00,0.09055238042747904
2025-03-11 13:00,0.08142342746537676
2025-03-11 14:00,0.32335241847747576
2025-03-11 15:00,0.7892281254249618
2025-03-11 16:00,3.2968177136770036
2025-03-11 17:00,2.694537362382179
2025-03-11 18:00,3.7145971433382448
2025-03-11 19:00,4.5439749923103
2025-03-11 20:00,3.9197828034364113
2025-03-11 21:00,3.1660033349254593
2025-03-11 22:00,2.4608122641105457
2025-03-11 23:00,0.7571290477337618
2025-03-12 00:00,0.9026865672990545
2025-03-12 01:00,3.348389438894145
2025-03-12 02:00,3.7244606289949553
2025-03-12 03:00,4.595772333336782
2025-03-12 04:00,3.8816584595329644
2025-03-12 05:00,3.8140372892984704
2025-03-12 06:00,1.4775599200193297
2025-03-12 07:00,2.217817687295908
2025-03-12 08:00,1.9248681226622408
2025-03-12 09:00,1.5251023996361368
2025-03-12 10:00,0.6080146109952614
2025-03-12 11:00,1.5663273423550383
2025-03-12 12:00,4.087613457455441
2025-03-12 13:00,3.1490633398129178
2025-03-12 14:00,4.888101439868316
2025-03-12 15:00,5.993141153963041
2025-03-12 16:00,6.796234674782167
2025-03-12 17:00,5.933060265272631
2025-03-12 18:00,7.0405487766823525
2025-03-12 19:00,10.752270182044963
2025-03-12 20:00,10.375371065746627
2025-03-12 21:00,11.91303079714878
2025-03-12 22:00,10.039390373542533
2025-03-12 23:00,12.291448919154261
2025-03-13 00:00,13.714057411077029
2025-03-13 01:00,13.312783354662416
2025-03-13 02:00,13.111452916355216
2025-03-13 03:00,7.930105910096501
2025-03-13 04:00,8.919524063947152
2025-03-13 05:00,15.240434421997714
2025-03-13 06:00,19.33481848240887
2025-03-13 07:00,20.865934138890253
2025-03-13 08:00,15.02887052132427
2025-03-13 09:00,18.934576368289616
2025-03-13 10:00,24.91648362945731
2025-03-13 11:00,30.698898196347603
2025-03-13 12:00,30.579794119222505
2025-03-13 13:00,31.22283642432193
2025-03-13 14:00,31.124197673666053
2025-03-13 15:00,34.315282011056894
2025-03-13 16:00,33.9171424740609
2025-03-13 17:00,38.84874805285915
2025-03-13 18:00,34.078878252498505
2025-03-13 19:00,31.16806751596475
2025-03-13 20:00,34.99821544755044
2025-03-13 21:00,32.433887129110005
2025-03-13 22:00,23.417349454717236
2025-03-13 23:00,14.024688161398846
2025-03-14 00:00,2.8062786368652026
2025-03-14 01:00,1.7926462883339909
2025-03-14 02:00,2.213897768404866
2025-03-14 03:00,4.911690632770211
2025-03-14 04:00,13.788038595978806
2025-03-14 05:00,14.33687852393787
2025-03-14 06:00,14.23629420799248
2025-03-14 07:00,13.128283314325719
2025-03-14 08:00,8.099962446733324
2025-03-14 09:00,8.60858459091402
2025-03-14 10:00,6.378805732635036
2025-03-14 11:00,6.485755082819673
2025-03-14 12:00,5.973183885490966
2025-03-14 13:00,6.686997360166477
2025-03-14 14:00,10.040282917086019
2025-03-14 15:00,11.837964384717754
2025-03-14 16:00,21.667018630363426
2025-03-14 17:00,14.774838146064614
2025-03-14 18:00,8.837251637395251
2025-03-14 19:00,10.696811974206366
2025-03-14 20:00,9.257716084798794
2025-03-14 21:00,6.424984409599421
2025-03-14 22:00,7.250883275954484
2025-03-14 23:00,7.563277473363042
2025-03-15 00:00,10.952189683488134
2025-03-15 01:00,10.057806592023631
2025-03-15 02:00,7.515171615548525
2025-03-15 03:00,8.268431146187979
2025-03-15 04:00,9.534407799443786
2025-03-15 05:00,12.950398425518294
2025-03-15 06:00,9.39727724726952
2025-03-15 07:00,13.788955749054368
2025-03-15 08:00,30.423430432471946
2025-03-15 09:00,25.205267247915362
2025-03-15 10:00,18.913563979330277
2025-03-15 11:00,16.279539452583357
2025-03-15 12:00,17.682162717693515
2025-03-15 13:00,13.908022661754275
2025-03-15 14:00,13.830868901376942
2025-03-15 15:00,14.224692562586366
2025-03-15 16:00,11.019601245763049
2025-03-15 17:00,7.153280011490217
2025-03-15 18:00,8.770424578489244
2025-03-15 19:00,9.513556938884664
2025-03-15 20:00,8.568932187955497
2025-03-15 21:00,8.582300029748545
2025-03-15 22:00,9.636816057107753
2025-03-15 23:00,9.234419807104148
2025-03-16 00:00,10.111472782956891
2025-03-16 01:00,9.087327203892485
2025-03-16 02:00,8.658512308857592
2025-03-16 03:00,8.765251479121698
2025-03-16 04:00,8.063550981515121
2025-03-16 05:00,12.242761195077078
2025-03-16 06:00,11.473009204331506
2025-03-16 07:00,3.558055671145076
2025-03-16 08:00,2.7931285502911316
2025-03-16 09:00,10.51055483453269
2025-03-16 10:00,14.841683986615767
2025-03-16 11:00,21.61853650298046
2025-03-16 12:00,31.100648461247296
2025-03-16 13:00,44.42906199053962
2025-03-16 14:00,52.09912342473434
2025-03-16 15:00,55.62945901890439
2025-03-16 16:00,55.3911508936804
2025-03-16 17:00,55.18914579347519
2025-03-16 18:00,53.812077225110265
2025-03-16 19:00,53.19246746142444
2025-03-16 20:00,53.08658109888316
2025-03-16 21:00,54.15638197478675
2025-03-16 22:00,54.90393909981484
2025-03-16 23:00,52.90060908696548
2025-03-17 00:00,51.62779104359331
2025-03-17 01:00,51.71550920433667
2025-03-17 02:00,53.446326431044845
2025-03-17 03:00,53.88619367323293
2025-03-17 04:00,54.17771171809245
2025-03-17 05:00,53.113577560224925
2025-03-17 06:00,48.43823670188928
2025-03-17 07:00,45.31200725629245
2025-03-17 08:00,39.28351492249711
2025-03-17 09:00,34.62557440451076
2025-03-17 10:00,28.185220319913046
2025-03-17 11:00,23.900409456118805
2025-03-17 12:00,24.033483126055902
2025-03-17 13:00,24.022969326727743
2025-03-17 14:00,21.84350796912466
2025-03-17 15:00,19.6507165109122
2025-03-17 16:00,12.824246954898527
2025-03-17 17:00,8.250092428962207
2025-03-17 18:00,3.8701426281738236
2025-03-17 19:00,2.0485353132489683
2025-03-17 20:00,2.092919293591102
2025-03-17 21:00,4.929167538834704
2025-03-17 22:00,12.328066042270539
2025-03-17 23:00,28.99456559307575
2025-03-18 00:00,46.56326456427022
2025-03-18 01:00,41.447304676922165
2025-03-18 02:00,24.6575097255684
2025-03-18 03:00,39.33817950820742
2025-03-18 04:00,30.67171242434189
2025-03-18 05:00,47.34695316312697
2025-03-18 06:00,53.04473093934843
2025-03-18 07:00,55.728226941140456
2025-03-18 08:00,56.77062060540858
2025-03-18 09:00,57.22566856151449
2025-03-18 10:00,56.52558516749018
2025-03-18 11:00,56.39509682288022
2025-03-18 12:00,56.30697591412685
2025-03-18 13:00,56.3212686980942
2025-03-18 14:00,56.26017767137844
2025-03-18 15:00,54.70552732042384
2025-03-18 16:00,53.84379575664536
2025-03-18 17:00,55.852218493790964
2025-03-18 18:00,54.64358210524599
2025-03-18 19:00,53.14415764050832
2025-03-18 20:00,50.19870649602367
2025-03-18 21:00,45.63871572106026
2025-03-18 22:00,40.058557453243836
2025-03-18 23:00,38.8410934796368
2025-03-19 00:00,38.76103449140094
2025-03-19 01:00,31.29319343334402
2025-03-19 02:00,27.7382694307992
2025-03-19 03:00,16.478353998241296
2025-03-19 04:00,11.123066748384659
2025-03-19 05:00,6.787096291766192
2025-03-19 06:00,6.6137061099602
2025-03-19 07:00,3.8195647021778703
2025-03-19 08:00,9.424513683575784
2025-03-19 09:00,14.185519328873697
2025-03-19 10:00,15.365601758766443
2025-03-19 11:00,14.275191035767662
2025-03-19 12:00,13.10546899766586
2025-03-19 13:00,12.61056059516152
2025-03-19 14:00,14.192988834795713
2025-03-19 15:00,12.824697184399227
2025-03-19 16:00,11.473313043570908
2025-03-19 17:00,10.678755996525384
2025-03-19 18:00,8.944580557059462
2025-03-19 19:00,3.2173471273354988
2025-03-19 20:00,2.8421005890365563
2025-03-19 21:00,1.217507197140688
2025-03-19 22:00,1.4391657287466926
2025-03-19 23:00,2.902079454773826
2025-03-20 00:00,4.150663082221598
2025-03-20 01:00,7.598021882241856
2025-03-20 02:00,18.37122730049794
2025-03-20 03:00,21.12624148424473
2025-03-20 04:00,20.35269198498112
2025-03-20 05:00,23.77533264248729
2025-03-20 06:00,32.45194248748452
2025-03-20 07:00,34.81636681836125
2025-03-20 08:00,35.7159688563328
2025-03-20 09:00,39.254165865883564
2025-03-20 10:00,37.27829042303002
2025-03-20 11:00,40.20779332265947
2025-03-20 12:00,44.97896652676464
2025-03-20 13:00,46.85902899915362
2025-03-20 14:00,47.61404157514696
2025-03-20 15:00,43.35551611358881
2025-03-20 16:00,34.009462694435186
2025-03-20 17:00,28.198524603330707
2025-03-20 18:00,26.34917548307744
2025-03-20 19:00,34.26042222308217
2025-03-20 20:00,36.17801840451732
2025-03-20 21:00,33.943495086409406
2025-03-20 22:00,38.56086055111101
2025-03-20 23:00,42.09598452598919
2025-03-21 00:00,40.80975044300841
2025-03-21 01:00,34.613456994807976
2025-03-21 02:00,29.64277977069452
2025-03-21 03:00,26.652830009967435
2025-03-21 04:00,32.22867879619671
2025-03-21 05:00,38.03572142653424
2025-03-21 06:00,41.50417978654791
2025-03-21 07:00,37.85344739744438
2025-03-21 08:00,37.446549974613404
2025-03-21 09:00,29.807974016626392
2025-03-21 10:00,21.687265506398532
2025-03-21 11:00,11.840778712848138
2025-03-21 12:00,10.284177074017435
2025-03-21 13:00,9.85429124034785
2025-03-21 14:00,13.689653360597754
2025-03-21 15:00,16.290965713790808
2025-03-21 16:00,12.400314022302252
2025-03-21 17:00,8.718674910213979
2025-03-21 18:00,3.435308843875238
2025-03-21 19:00,3.2632446243538142
2025-03-21 20:00,7.809527281276477
2025-03-21 21:00,10.375842872516966
2025-03-21 22:00,15.349656427359925
2025-03-21 23:00,28.046837137019356
2025-03-22 00:00,30.34609510418089
2025-03-22 01:00,33.69713704883328
2025-03-22 02:00,37.50424933878247
2025-03-22 03:00,35.09588357836798
2025-03-22 04:00,34.21981046632811
2025-03-22 05:00,38.421580751542024
2025-03-22 06:00,41.31063672683359
2025-03-22 07:00,37.9381584101598
2025-03-22 08:00,29.01872084108857
2025-03-22 09:00,21.317003839616607
2025-03-22 10:00,16.318545024156954
2025-03-22 11:00,18.377834820315034
2025-03-22 12:00,28.909710905782013
2025-03-22 13:00,30.461701266556364
2025-03-22 14:00,30.41447830816339
2025-03-22 15:00,28.37661374196208
2025-03-22 16:00,27.155363276204213
2025-03-22 17:00,21.278890046911492
2025-03-22 18:00,10.314208693097779
2025-03-22 19:00,22.52886043744791
2025-03-22 20:00,24.684632740869603
2025-03-22 21:00,21.933866025247845
2025-03-22 22:00,22.565809579892278
2025-03-22 23:00,28.46263500108406
2025-03-23 00:00,39.36188647465917
2025-03-23 01:00,32.944587069550515
2025-03-23 02:00,35.03720441544814
2025-03-23 03:00,33.631094699561224
2025-03-23 04:00,32.44584796207512
2025-03-23 05:00,24.760319863689226
2025-03-23 06:00,19.698428886089278
2025-03-23 07:00,14.911799293189768
2025-03-23 08:00,17.836324412781085
2025-03-23 09:00,26.766453525811237
2025-03-23 10:00,25.99902438121205
2025-03-23 11:00,15.304602570058371
2025-03-23 12:00,14.752721316900928
2025-03-23 13:00,13.767892046188132
2025-03-23 14:00,12.723872911912116
2025-03-23 15:00,16.8916594606638
2025-03-23 16:00,23.907781877574475
2025-03-23 17:00,26.124982699580944
2025-03-23 18:00,25.6361466878707
2025-03-23 19:00,20.976131868699067
2025-03-23 20:00,13.578305836122478
2025-03-23 21:00,12.690800009038888
2025-03-23 22:00,15.27138645732871
2025-03-23 23:00,15.613744729018226
2025-03-24 00:00,25.300239209466675
2025-03-24 01:00,30.39446045163778
2025-03-24 02:00,38.18919852511996
2025-03-24 03:00,38.70272386471818
2025-03-24 04:00,36.24969557313539
2025-03-24 05:00,44.522509889344725
2025-03-24 06:00,44.43688234581288
2025-03-24 07:00,49.538645019771735
2025-03-24 08:00,55.39258279884558
2025-03-24 09:00,57.76786077595494
2025-03-24 10:00,56.03235957516351
2025-03-24 11:00,55.03824434805077
2025-03-24 12:00,53.261404478924014
2025-03-24 13:00,53.10534823046416
2025-03-24 14:00,53.161958917485926
2025-03-24 15:00,52.323500967428345
2025-03-24 16:00,46.511669859307624
2025-03-24 17:00,45.42253647659317
2025-03-24 18:00,49.74984761823785
2025-03-24 19:00,50.05508328392132
2025-03-24 20:00,44.90883405118231
2025-03-24 21:00,30.579799301725004
2025-03-24 22:00,27.41566711949436
2025-03-24 23:00,22.78176105749262
2025-03-25 00:00,19.47447158491978
2025-03-25 01:00,20.34182438770522
2025-03-25 02:00,23.716575275347207
2025-03-25 03:00,19.03337606539667
2025-03-25 04:00,9.390085743617648
2025-03-25 05:00,8.977333049307001
2025-03-25 06:00,11.906583477219613
2025-03-25 07:00,15.691049314735551
2025-03-25 08:00,17.850341834191962
2025-03-25 09:00,27.276813714382484
2025-03-25 10:00,33.078246497169324
2025-03-25 11:00,45.912435749063114
2025-03-25 12:00,51.215345184767
2025-03-25 13:00,50.29468236825426
2025-03-25 14:00,49.92894502357904
2025-03-25 15:00,51.39455102696256
2025-03-25 16:00,50.68246206913087
2025-03-25 17:00,48.14166110932661
2025-03-25 18:00,39.78428893516554
2025-03-25 19:00,22.600656726547797
2025-03-25 20:00,5.922249655195997
2025-03-25 21:00,3.9987909108939457
2025-03-25 22:00,2.4803453865005305
2025-03-25 23:00,2.6651143346994552
2025-03-26 00:00,2.875655255446493
2025-03-26 01:00,2.3726936039840734
2025-03-26 02:00,2.8910091551544537
2025-03-26 03:00,1.3050009745000686
2025-03-26 04:00,0.5801864885001126
2025-03-26 05:00,1.0434458831002678
2025-03-26 06:00,1.6493624711786232
2025-03-26 07:00,2.414153796418094
2025-03-26 08:00,1.2247244280165908
2025-03-26 09:00,1.7781798581544312
2025-03-26 10:00,1.8188361389898962
2025-03-26 11:00,2.4169533886626513
2025-03-26 12:00,4.746278713888881
2025-03-26 13:00,11.52465242014548
2025-03-26 14:00,6.641219502472201
2025-03-26 15:00,6.009931247818875
2025-03-26 16:00,7.594269714112132
2025-03-26 17:00,8.939586167565098
2025-03-26 18:00,10.770409764846116
2025-03-26 19:00,23.349949729361978
2025-03-26 20:00,36.491358676708415
2025-03-26 21:00,49.309646771619974
2025-03-26 22:00,56.26742704477079
2025-03-26 23:00,55.14354715001208
2025-03-27 00:00,55.78432247427265
2025-03-27 01:00,56.4327100950404
2025-03-27 02:00,55.0974144914283
2025-03-27 03:00,53.506716232353654
2025-03-27 04:00,52.28895777991604
2025-03-27 05:00,46.794226791446775
2025-03-27 06:00,44.65218985819963
2025-03-27 07:00,45.813679755509
2025-03-27 08:00,44.879130485631975
2025-03-27 09:00,38.31182228284031
2025-03-27 10:00,26.26647716991386
2025-03-27 11:00,28.98729403943049
2025-03-27 12:00,13.63683340012423
2025-03-27 13:00,12.930005139906651
2025-03-27 14:00,23.745335086643898
2025-03-27 15:00,29.017872177700273
2025-03-27 16:00,37.99023936773974
2025-03-27 17:00,53.047715864289415
2025-03-27 18:00,48.1385483621928
2025-03-27 19:00,43.27867875771125
2025-03-27 20:00,38.38363276810849
2025-03-27 21:00,36.61188204999064
2025-03-27 22:00,38.0667589612043
2025-03-27 23:00,41.91140355226726
2025-03-28 00:00,50.89045342653534
2025-03-28 01:00,50.56796344430392
2025-03-28 02:00,47.14758102482895
2025-03-28 03:00,44.65220193798355
2025-03-28 04:00,45.00087525435418
2025-03-28 05:00,44.093557688567685
2025-03-28 06:00,45.482665330172104
2025-03-28 07:00,45.73868838313422
2025-03-28 08:00,49.85789093267138
2025-03-28 09:00,53.59443002842799
2025-03-28 10:00,51.20141613465325
2025-03-28 11:00,50.50457344136312
2025-03-28 12:00,50.21539247048825
2025-03-28 13:00,49.89337057259666
2025-03-28 14:00,50.71787677952664
2025-03-28 15:00,51.56268782779823
2025-03-28 16:00,51.86550906933945
2025-03-28 17:00,53.22018475860593
2025-03-28 18:00,55.06661593801138
2025-03-28 19:00,54.12064048257919
2025-03-28 20:00,50.04083129385863
2025-03-28 21:00,49.371735413146226
2025-03-28 22:00,45.589823175285986
2025-03-28 23:00,34.94313447848242
2025-03-29 00:00,17.802774795544707
2025-03-29 01:00,6.86945593070342
2025-03-29 02:00,4.1254218649668335
2025-03-29 03:00,7.099134291695087
2025-03-29 04:00,7.476690616992558
2025-03-29 05:00,17.265750038298886
2025-03-29 06:00,16.029860029480506
2025-03-29 07:00,12.124956517496368
2025-03-29 08:00,10.532856466711655
2025-03-29 09:00,9.357500268969217
2025-03-29 10:00,5.638111712086848
2025-03-29 11:00,5.85365471797379
2025-03-29 12:00,6.584256752693719
2025-03-29 13:00,22.02233136142665
2025-03-29 14:00,27.816477893593728
2025-03-29 15:00,47.732367969692916
2025-03-29 16:00,51.67546822535987
2025-03-29 17:00,51.91762729517749
2025-03-29 18:00,50.17969133586035
2025-03-29 19:00,49.42979905491078
2025-03-29 20:00,47.83268490119751
2025-03-29 21:00,41.77408811333984
2025-03-29 22:00,33.350082545883126
2025-03-29 23:00,26.043545176305074
2025-03-30 00:00,19.705440641803133
2025-03-30 01:00,15.865717913621026
2025-03-30 02:00,5.9042778640195115
2025-03-30 03:00,2.867449352083847
2025-03-30 04:00,2.8679931969604624
2025-03-30 05:00,3.1467624421771077
2025-03-30 06:00,5.970065752247686
2025-03-30 07:00,14.283558702850605
2025-03-30 08:00,15.606130844252377
2025-03-30 09:00,19.29664698347737
2025-03-30 10:00,11.664805442744175
2025-03-30 11:00,13.717682780807786
2025-03-30 12:00,9.251482275556292
2025-03-30 13:00,8.650459133873698
2025-03-30 14:00,8.183219595040338
2025-03-30 15:00,10.75432539621587
2025-03-30 16:00,11.455024715153227
2025-03-30 17:00,12.581515635612966
2025-03-30 18:00,10.10171410189868
2025-03-30 19:00,6.442295122772205
2025-03-30 20:00,5.275231606347984
2025-03-30 21:00,6.599851930784839
2025-03-30 22:00,7.758299717562704
2025-03-30 23:00,3.4952943256226927
2025-03-31 00:00,0.9284833945917141
2025-03-31 01:00,0.4739644260781559
2025-03-31 02:00,1.4337502272169038
2025-03-31 03:00,2.8350045011002893
2025-03-31 04:00,5.305014235396863
2025-03-31 05:00,5.89596266799237
2025-03-31 06:00,3.542325925466935
2025-03-31 07:00,2.3660595875654833
2025-03-31 08:00,3.200992317029885
2025-03-31 09:00,3.68803522804837
2025-03-31 10:00,3.1388062270050896
2025-03-31 11:00,2.9854068135942353
2025-03-31 12:00,2.5468730246089946
2025-03-31 13:00,3.669887970491247
2025-03-31 14:00,2.499011393908986
2025-03-31 15:00,1.796082226011825
2025-03-31 16:00,1.966166121724335
2025-03-31 17:00,2.3823633373044233
2025-03-31 18:00,2.3133508950310104
2025-03-31 19:00,3.2696972619788087
2025-03-31 20:00,2.302320966339876
2025-03-31 21:00,2.3371912986026593
2025-03-31 22:00,1.9426853425843933
2025-03-31 23:00,2.38715934950821
2025-04-01 00:00,2.4711884528184616
2025-04-01 01:00,2.1437023469534298
2025-04-01 02:00,2.3437535902892828
2025-04-01 03:00,1.1863131574915666
2025-04-01 04:00,1.4368476787516065
2025-04-01 05:00,5.090894828395409
2025-04-01 06:00,4.188766504477627
2025-04-01 07:00,1.8051138032020582
2025-04-01 08:00,0.8740253828782553
2025-04-01 09:00,0.5016704220446544
2025-04-01 10:00,1.025317076698257
2025-04-01 11:00,4.942933411596234
2025-04-01 12:00,5.214321328842692
2025-04-01 13:00,6.532065665465684
2025-04-01 14:00,5.418353723850227
2025-04-01 15:00,6.0110857639939
2025-04-01 16:00,8.79763038351917
2025-04-01 17:00,10.604667067644389
2025-04-01 18:00,6.722495654936028
2025-04-01 19:00,4.3595517782172895
2025-04-01 20:00,3.389187069078432
2025-04-01 21:00,4.697566799484792
2025-04-01 22:00,2.285197082267408
2025-04-01 23:00,1.2904437254211412
2025-04-02 00:00,0.6881254197655029
2025-04-02 01:00,0.41844478485311554
2025-04-02 02:00,1.1024212188253693
2025-04-02 03:00,1.2416445892131631
2025-04-02 04:00,1.487901391512096
2025-04-02 05:00,3.213119005747597
2025-04-02 06:00,5.191730024563792
2025-04-02 07:00,3.5226669936010984
2025-04-02 08:00,0.7918655526252449
2025-04-02 09:00,0.17571531793667428
2025-04-02 10:00,3.1333153409626897
2025-04-02 11:00,4.580769642326785
2025-04-02 12:00,10.17056991353847
2025-04-02 13:00,10.994555563076279
2025-04-02 14:00,5.628932417159592
2025-04-02 15:00,6.530136203789889
2025-04-02 16:00,9.536224334889523
2025-04-02 17:00,14.970308984352904
2025-04-02 18:00,15.940608839509721
2025-04-02 19:00,12.133992020288572
2025-04-02 20:00,16.61865805221001
2025-04-02 21:00,10.851988265187995
2025-04-02 22:00,11.699422989849175
2025-04-02 23:00,2.514973091901753
2025-04-03 00:00,3.2987165137329626
2025-04-03 01:00,6.2590108539616685
2025-04-03 02:00,11.39356108765816
2025-04-03 03:00,7.667310090011215
2025-04-03 04:00,5.775525048506446
2025-04-03 05:00,4.636242714150803
2025-04-03 06:00,5.6270411560821385
2025-04-03 07:00,2.9988908917261345
2025-04-03 08:00,2.6052796174123154
2025-04-03 09:00,1.0447090604067135
2025-04-03 10:00,0.48979970951073504
2025-04-03 11:00,0.5023852770149271
2025-04-03 12:00,0.4839635933475971
2025-04-03 13:00,5.596485118502279
2025-04-03 14:00,7.558610914756898
2025-04-03 15:00,13.152234577649272
2025-04-03 16:00,20.935041463853754
2025-04-03 17:00,26.6893074591408
2025-04-03 18:00,17.944014049147082
2025-04-03 19:00,8.625677803733126
2025-04-03 20:00,2.7120357515018103
2025-04-03 21:00,3.082940530871853
2025-04-03 22:00,1.604271965517317
2025-04-03 23:00,0.4108868674757899
2025-04-04 00:00,0.6862003092325288
2025-04-04 01:00,0.9823731154451607
2025-04-04 02:00,1.1006422658087762
2025-04-04 03:00,0.7138854344665742
2025-04-04 04:00,0.6470805811409457
2025-04-04 05:00,0.8744042393669064
2025-04-04 06:00,1.102200107083637
2025-04-04 07:00,0.3503189030790622
2025-04-04 08:00,0.3172571501895503
2025-04-04 09:00,0.1480021690817483
2025-04-04 10:00,0.39063558375948565
2025-04-04 11:00,5.7691174887959
2025-04-04 12:00,8.284728789321697
2025-04-04 13:00,18.575818047496465
2025-04-04 14:00,23.31402027093867
2025-04-04 15:00,17.180929931575157
2025-04-04 16:00,11.939819135810149
2025-04-04 17:00,3.2048690551001435
2025-04-04 18:00,2.7311277258255924
2025-04-04 19:00,2.413224774535145
2025-04-04 20:00,1.193924639626389
2025-04-04 21:00,1.0702472506699099
2025-04-04 22:00,1.2247850126399813
2025-04-04 23:00,2.3697519286467794
2025-04-05 00:00,3.382675998584945
2025-04-05 01:00,4.089238583810221
2025-04-05 02:00,4.3716666114667
2025-04-05 03:00,2.4464164018324244
2025-04-05 04:00,1.9638271547899677
2025-04-05 05:00,2.58813392507514
2025-04-05 06:00,4.714368849413845
2025-04-05 07:00,17.980576303125957
2025-04-05 08:00,34.39933525879986
2025-04-05 09:00,37.11592556355639
2025-04-05 10:00,30.740200419619846
2025-04-05 11:00,46.24321509534032
2025-04-05 12:00,56.189266992173025
2025-04-05 13:00,55.053606202068096
2025-04-05 14:00,48.251139467350335
2025-04-05 15:00,41.5366504796775
2025-04-05 16:00,34.25053914027628
2025-04-05 17:00,32.3651427855049
2025-04-05 18:00,27.902605855157848
2025-04-05 19:00,24.408721486193667
2025-04-05 20:00,13.016837750554076
2025-04-05 21:00,4.193463039719128
2025-04-05 22:00,4.708154447082083
2025-04-05 23:00,12.936523940038052
2025-04-06 00:00,23.72382150474084
2025-04-06 01:00,23.53612620472963
2025-04-06 02:00,11.366772830012858
2025-04-06 03:00,6.568890433609069
2025-04-06 04:00,5.4853154327355504
2025-04-06 05:00,4.379521167147087
2025-04-06 06:00,3.557812028251146
2025-04-06 07:00,3.2711289233172502
2025-04-06 08:00,4.3327031986756115
2025-04-06 09:00,4.915236193312185
2025-04-06 10:00,5.044269622845628
2025-04-06 11:00,8.018158047082181
2025-04-06 12:00,18.55889182690854
2025-04-06 13:00,24.732066811112826
2025-04-06 14:00,27.26388599097409
2025-04-06 15:00,28.24732030152807
2025-04-06 16:00,24.48592516477888
2025-04-06 17:00,18.22126720609188
2025-04-06 18:00,13.137817283443491
2025-04-06 19:00,9.057957962549162
2025-04-06 20:00,7.990196041901132
2025-04-06 21:00,6.21971570443626
2025-04-06 22:00,4.760402163206386
2025-04-06 23:00,4.012742226889678
2025-04-07 00:00,2.324163208983122
2025-04-07 01:00,3.8768849140702946
2025-04-07 02:00,5.881111041123793
2025-04-07 03:00,6.502009987950566
2025-04-07 04:00,8.825670967237986
2025-04-07 05:00,10.554848192072097
2025-04-07 06:00,11.723472652024496
2025-04-07 07:00,4.6921028272979965
2025-04-07 08:00,3.214176605505801
2025-04-07 09:00,6.878647956724377
2025-04-07 10:00,17.5387967233044
2025-04-07 11:00,26.107827806841637
2025-04-07 12:00,32.13514221477711
2025-04-07 13:00,42.334254885188535
2025-04-07 14:00,45.053230957033875
2025-04-07 15:00,41.31685366950527
2025-04-07 16:00,41.84002257790318
2025-04-07 17:00,47.64118913716165
2025-04-07 18:00,46.15455894721854
2025-04-07 19:00,45.392923256977724
2025-04-07 20:00,46.57709017379484
2025-04-07 21:00,47.91478838102864
2025-04-07 22:00,48.45379161950994
2025-04-07 23:00,50.46082976946831
2025-04-08 00:00,55.8103342463566
2025-04-08 01:00,56.73922476245915
2025-04-08 02:00,55.62764973320802
2025-04-08 03:00,44.48902427816179
2025-04-08 04:00,36.83422781627418
2025-04-08 05:00,42.012191327659465
2025-04-08 06:00,40.19929100681344
2025-04-08 07:00,39.48206310712428
2025-04-08 08:00,30.187541446938738
2025-04-08 09:00,22.93539187166408
2025-04-08 10:00,16.32351928986122
2025-04-08 11:00,10.115861667519978
2025-04-08 12:00,6.682279684947174
2025-04-08 13:00,5.952868508412339
2025-04-08 14:00,9.11850568591011
2025-04-08 15:00,8.177400606627213
2025-04-08 16:00,6.330316109704444
2025-04-08 17:00,8.310250535044029
2025-04-08 18:00,7.076449633287652
2025-04-08 19:00,4.613058977763653
2025-04-08 20:00,3.6464409503353754
2025-04-08 21:00,3.5250309727024423
2025-04-08 22:00,2.5223161188864514
2025-04-08 23:00,0.8604118154237574
2025-04-09 00:00,1.1927584720758704
2025-04-09 01:00,0.8013447518710338
2025-04-09 02:00,0.5285626600646306
2025-04-09 03:00,0.6722536632331777
2025-04-09 04:00,0.25168788558187666
2025-04-09 05:00,0.6459382088421882
2025-04-09 06:00,2.3735777234377866
2025-04-09 07:00,2.2031919752176963
2025-04-09 08:00,1.4085824013134902
2025-04-09 09:00,0.9708824257968028
2025-04-09 10:00,1.2890522323685225
2025-04-09 11:00,1.5681492132401076
2025-04-09 12:00,2.3190346851661556
2025-04-09 13:00,7.305630229201391
2025-04-09 14:00,24.554324834891993
2025-04-09 15:00,26.39699264450668
2025-04-09 16:00,13.636024764523707
2025-04-09 17:00,18.275222566526068
2025-04-09 18:00,8.384187269966182
2025-04-09 19:00,6.872142146128537
2025-04-09 20:00,2.396794482956688
2025-04-09 21:00,1.556680735359589
2025-04-09 22:00,1.356878807039348
2025-04-09 23:00,2.1865772571549633
2025-04-10 00:00,0.5340227065734469
2025-04-10 01:00,0.8457531765205046
2025-04-10 02:00,0.4592801945864239
2025-04-10 03:00,1.184337082490294
2025-04-10 04:00,2.1304835903704724
2025-04-10 05:00,2.40203971917431
2025-04-10 06:00,2.4804439794180224
2025-04-10 07:00,2.40924502792464
2025-04-10 08:00,0.07130747113995647
2025-04-10 09:00,0.12963432680251794
2025-04-10 10:00,0.07950555244061422
2025-04-10 11:00,2.1979560355473917
2025-04-10 12:00,2.2347369839052162
2025-04-10 13:00,4.834159690211156
2025-04-10 14:00,8.437223411893967
2025-04-10 15:00,9.124594612171474
2025-04-10 16:00,7.109464365970846
2025-04-10 17:00,7.054085911147995
2025-04-10 18:00,3.5666416057859216
2025-04-10 19:00,2.902990578326255
2025-04-10 20:00,1.8576394787042658
2025-04-10 21:00,1.5197241050705235
2025-04-10 22:00,1.6686869818271797
2025-04-10 23:00,2.67664646269477
2025-04-11 00:00,5.772706312136045
2025-04-11 01:00,8.1083791435227
2025-04-11 02:00,7.282732615908961
2025-04-11 03:00,4.5715507833526825
2025-04-11 04:00,3.4289528087051324
2025-04-11 05:00,1.9756769345348917
2025-04-11 06:00,0.952099010684283
2025-04-11 07:00,0.25818159233116966
2025-04-11 08:00,0.13554092792619385
2025-04-11 09:00,0.08149139508663972
2025-04-11 10:00,0.11714341736873674
2025-04-11 11:00,0.1848751733421579
2025-04-11 12:00,0.2995017325492036
2025-04-11 13:00,0.9465696822218379
2025-04-11 14:00,1.9546054473878165
2025-04-11 15:00,3.2958997576647087
2025-04-11 16:00,3.7663813653947518
2025-04-11 17:00,2.3722498822165377
2025-04-11 18:00,1.508268952222061
2025-04-11 19:00,0.7044840605587961
2025-04-11 20:00,0.9382799973007367
2025-04-11 21:00,1.8475029006518207
2025-04-11 22:00,2.051607588453667
2025-04-11 23:00,2.48126980192351
2025-04-12 00:00,6.017175181436646
2025-04-12 01:00,7.62312174595872
2025-04-12 02:00,14.985576501716206
2025-04-12 03:00,25.015852974406624
2025-04-12 04:00,24.086627853068755
2025-04-12 05:00,24.123952752108654
2025-04-12 06:00,31.531659948692038
2025-04-12 07:00,32.231532414020535
2025-04-12 08:00,41.96232628241603
2025-04-12 09:00,45.768720267031064
2025-04-12 10:00,49.304683419051415
2025-04-12 11:00,47.97934370495765
2025-04-12 12:00,41.485176945676464
2025-04-12 13:00,37.25695712310488
2025-04-12 14:00,42.696035074059964
2025-04-12 15:00,50.04362502043786
2025-04-12 16:00,54.698351736001364
2025-04-12 17:00,53.77779215947741
2025-04-12 18:00,54.970222237894625
2025-04-12 19:00,54.48007806313318
2025-04-12 20:00,53.66004594792699
2025-04-12 21:00,53.11910831915109
2025-04-12 22:00,53.713796849707784
2025-04-12 23:00,46.45825938351993
2025-04-13 00:00,39.86916031187404
2025-04-13 01:00,24.23094019842849
2025-04-13 02:00,14.797527344394046
2025-04-13 03:00,11.244883383005282
2025-04-13 04:00,16.761141879469328
2025-04-13 05:00,35.630387585765824
2025-04-13 06:00,39.835740248687934
2025-04-13 07:00,39.846392265818515
2025-04-13 08:00,48.99624409079485
2025-04-13 09:00,48.976430845806334
2025-04-13 10:00,47.74540420347899
2025-04-13 11:00,49.53292832456634
2025-04-13 12:00,51.62057465683674
2025-04-13 13:00,49.732877060112635
2025-04-13 14:00,49.077688488482316
2025-04-13 15:00,49.719981139909514
2025-04-13 16:00,48.84347782564351
2025-04-13 17:00,36.84560636661806
2025-04-13 18:00,40.720550721911856
2025-04-13 19:00,37.710018468358854
2025-04-13 20:00,36.00977222120036
2025-04-13 21:00,32.73508948595331
2025-04-13 22:00,32.10930972298699
2025-04-13 23:00,44.01926207211908
2025-04-14 00:00,46.0589717424473
2025-04-14 01:00,51.3562287493231
2025-04-14 02:00,55.52393557386424
2025-04-14 03:00,58.13138023674409
2025-04-14 04:00,53.418721293499026
2025-04-14 05:00,48.496561552527076
2025-04-14 06:00,38.08499876950585
2025-04-14 07:00,40.47628340264832
2025-04-14 08:00,38.59494075670284
2025-04-14 09:00,21.295135565710513
2025-04-14 10:00,23.526733184803277
2025-04-14 11:00,44.5300159041198
2025-04-14 12:00,38.84914021088785
2025-04-14 13:00,24.572703386733483
2025-04-14 14:00,16.72954384505837
2025-04-14 15:00,20.11298390503716
2025-04-14 16:00,24.419988822327888
2025-04-14 17:00,22.717356027789556
2025-04-14 18:00,17.86071642958718
2025-04-14 19:00,46.612992154085305
2025-04-14 20:00,53.39099942622016
2025-04-14 21:00,52.02958290046693
2025-04-14 22:00,49.22672767564111
2025-04-14 23:00,46.447074105864466
2025-04-15 00:00,46.99099090908479
2025-04-15 01:00,49.43115551603369
2025-04-15 02:00,50.84334194014886
2025-04-15 03:00,44.62992838580824
2025-04-15 04:00,36.93463303566282
2025-04-15 05:00,24.27264260052014
2025-04-15 06:00,14.618206194364165
2025-04-15 07:00,16.66171948134836
2025-04-15 08:00,26.814318090305477
2025-04-15 09:00,40.08021501301969
2025-04-15 10:00,39.0972909212416
2025-04-15 11:00,42.659919122787684
2025-04-15 12:00,44.83995948414442
2025-04-15 13:00,41.80415887026725
2025-04-15 14:00,33.07165243004255
2025-04-15 15:00,29.74934772249594
2025-04-15 16:00,19.516888497337213
2025-04-15 17:00,18.616251275067714
2025-04-15 18:00,12.821212886341605
2025-04-15 19:00,9.057290688571733
2025-04-15 20:00,7.049869905518422
2025-04-15 21:00,5.938907497747959
2025-04-15 22:00,6.339343379427182
2025-04-15 23:00,6.120375555181047
2025-04-16 00:00,4.4273797362846565
2025-04-16 01:00,6.197192762547682
2025-04-16 02:00,8.432132123491366
2025-04-16 03:00,9.19702142911815
2025-04-16 04:00,9.209496879806222
2025-04-16 05:00,14.641401335624941
2025-04-16 06:00,17.85429880904395
2025-04-16 07:00,20.247177505203613
2025-04-16 08:00,26.18620631368496
2025-04-16 09:00,37.622073909953784
2025-04-16 10:00,37.404409724902564
2025-04-16 11:00,37.82750417062847
2025-04-16 12:00,47.71056396845651
2025-04-16 13:00,50.262452302605254
2025-04-16 14:00,51.2273955016699
2025-04-16 15:00,51.98370388921479
2025-04-16 16:00,45.28126639939576
2025-04-16 17:00,46.478417303036174
2025-04-16 18:00,43.487573866586146
2025-04-16 19:00,48.598098817538094
2025-04-16 20:00,49.610659006263596
2025-04-16 21:00,54.18144575363416
2025-04-16 22:00,56.68072573459935
2025-04-16 23:00,55.683477633732124
2025-04-17 00:00,56.617486812220854
2025-04-17 01:00,57.329413915558895
2025-04-17 02:00,55.70027907323556
2025-04-17 03:00,55.31564788741099
2025-04-17 04:00,56.05821932820788
2025-04-17 05:00,57.077255775528606
2025-04-17 06:00,57.04534498080082
2025-04-17 07:00,56.100061527217875
2025-04-17 08:00,55.532629603708315
2025-04-17 09:00,54.801533761826704
2025-04-17 10:00,54.32703695988372
2025-04-17 11:00,54.690548114750584
2025-04-17 12:00,55.21866392892144
2025-04-17 13:00,55.445546014291175
2025-04-17 14:00,55.163667760119495
2025-04-17 15:00,48.65267046180535
2025-04-17 16:00,44.27214742889835
2025-04-17 17:00,38.2547880893959
2025-04-17 18:00,41.70391696390772
2025-04-17 19:00,45.14836940636881
2025-04-17 20:00,44.34001376644355
2025-04-17 21:00,45.54766089989712
2025-04-17 22:00,43.54246952447335
2025-04-17 23:00,42.959815591326375
2025-04-18 00:00,42.45499508059246
2025-04-18 01:00,47.61477002539803
2025-04-18 02:00,50.04304139807229
2025-04-18 03:00,51.71611711837584
2025-04-18 04:00,49.64077342556946
2025-04-18 05:00,48.402671704601126
2025-04-18 06:00,48.036731582166055
2025-04-18 07:00,44.845428898541876
2025-04-18 08:00,46.36316159637076
2025-04-18 09:00,44.08074058357276
2025-04-18 10:00,38.441234952980324
2025-04-18 11:00,26.56829057059946
2025-04-18 12:00,16.301393717921684
2025-04-18 13:00,11.167952859612098
2025-04-18 14:00,11.095318110449956
2025-04-18 15:00,21.017110651971944
2025-04-18 16:00,23.217527503315974
2025-04-18 17:00,17.24138340043152
2025-04-18 18:00,13.904741069479956
2025-04-18 19:00,10.536458406011194
2025-04-18 20:00,13.565409881060516
2025-04-18 21:00,18.401959380140358
2025-04-18 22:00,24.60667437894735
2025-04-18 23:00,20.863749122080556
2025-04-19 00:00,26.776241592239046
2025-04-19 01:00,22.362430133999798
2025-04-19 02:00,33.96950137352454
2025-04-19 03:00,32.76833520997438
2025-04-19 04:00,26.511788326250525
2025-04-19 05:00,27.489554006422296
2025-04-19 06:00,33.29053123858619
2025-04-19 07:00,35.680717166910526
2025-04-19 08:00,34.984559173365035
2025-04-19 09:00,38.975790030183475
2025-04-19 10:00,41.06909325292094
2025-04-19 11:00,48.57513182459089
2025-04-19 12:00,53.5934265975942
2025-04-19 13:00,53.574808211166626
2025-04-19 14:00,50.989200804831924
2025-04-19 15:00,52.299062584961106
2025-04-19 16:00,51.15829428017859
2025-04-19 17:00,50.244751544329446
2025-04-19 18:00,47.44891970371647
2025-04-19 19:00,43.079599223288625
2025-04-19 20:00,27.439846593398023
2025-04-19 21:00,12.006180807638808
2025-04-19 22:00,5.727135275703792
2025-04-19 23:00,8.119558437406202
2025-04-20 00:00,7.089081650307724
2025-04-20 01:00,5.7224336329887695
2025-04-20 02:00,7.303952320589545
2025-04-20 03:00,7.577727509482854
2025-04-20 04:00,8.452442121122917
2025-04-20 05:00,7.84649886449065
2025-04-20 06:00,10.213421929171618
2025-04-20 07:00,13.274330856517695
2025-04-20 08:00,14.666236152537161
2025-04-20 09:00,12.792249979566293
2025-04-20 10:00,6.75740097663425
2025-04-20 11:00,6.04901695846207
2025-04-20 12:00,2.4034748905616232
2025-04-20 13:00,2.327409428390541
2025-04-20 14:00,2.4766444021899083
2025-04-20 15:00,4.529441056339049
2025-04-20 16:00,6.831603529316092
2025-04-20 17:00,5.4412875228303
2025-04-20 18:00,3.2136298778232777
2025-04-20 19:00,2.6865437123905385
2025-04-20 20:00,3.7091085888432103
2025-04-20 21:00,1.3541524105275036
2025-04-20 22:00,1.493013334038835
2025-04-20 23:00,0.6876249765784368
2025-04-21 00:00,0.49652286069462537
2025-04-21 01:00,0.47336734427197524
2025-04-21 02:00,0.8212966888355587
2025-04-21 03:00,0.9811456012929076
2025-04-21 04:00,1.4496687037788343
2025-04-21 05:00,2.643973907251562
2025-04-21 06:00,3.829959864226086
2025-04-21 07:00,2.4632258844367807
2025-04-21 08:00,1.1712255575593802
2025-04-21 09:00,0.9557834142184156
2025-04-21 10:00,0.8905969837060217
2025-04-21 11:00,2.054694657203338
2025-04-21 12:00,6.2457669204619
2025-04-21 13:00,13.933476543674862
2025-04-21 14:00,6.150697255177608
2025-04-21 15:00,5.165786517220823
2025-04-21 16:00,10.18813555651706
2025-04-21 17:00,5.4379901037182785
2025-04-21 18:00,4.05097624724268
2025-04-21 19:00,1.3721292926453783
2025-04-21 20:00,1.1159818706287723
2025-04-21 21:00,0.7412218096091894
2025-04-21 22:00,1.5950381128076634
2025-04-21 23:00,2.3496245543444894
2025-04-22 00:00,0.7113553825626799
2025-04-22 01:00,1.2001236707410872
2025-04-22 02:00,1.370871670384565
2025-04-22 03:00,2.7495234903886048
2025-04-22 04:00,9.259414004539142
2025-04-22 05:00,14.836584006533243
2025-04-22 06:00,14.374484320424845
2025-04-22 07:00,26.340244912976267
2025-04-22 08:00,34.718435430531486
2025-04-22 09:00,33.03511957794452
2025-04-22 10:00,35.17523731290094
2025-04-22 11:00,39.74371866380397
2025-04-22 12:00,41.377970171710956
2025-04-22 13:00,45.54310956911569
2025-04-22 14:00,44.65905460310524
2025-04-22 15:00,44.338181606352265
2025-04-22 16:00,41.941428197133874
2025-04-22 17:00,41.067234188078885
2025-04-22 18:00,36.56374277713772
2025-04-22 19:00,16.639615375034662
2025-04-22 20:00,9.99322670232416
2025-04-22 21:00,4.476979179328818
2025-04-22 22:00,6.901182269157625
2025-04-22 23:00,11.450863687082421
2025-04-23 00:00,11.625029586933447
2025-04-23 01:00,16.430527013361576
2025-04-23 02:00,19.164327308237933
2025-04-23 03:00,18.048250864990234
2025-04-23 04:00,18.64657870840259
2025-04-23 05:00,19.013854096974896
2025-04-23 06:00,10.718607161237077
2025-04-23 07:00,8.65071400971224
2025-04-23 08:00,8.809491691525185
2025-04-23 09:00,6.652572205498123
2025-04-23 10:00,2.703660933236332
2025-04-23 11:00,1.722557863641072
2025-04-23 12:00,1.9821061971730967
2025-04-23 13:00,3.583998376242655
2025-04-23 14:00,3.979366340020122
2025-04-23 15:00,9.675170115116668
2025-04-23 16:00,9.395956455741374
2025-04-23 17:00,7.700508157165653
2025-04-23 18:00,2.70946085385856
2025-04-23 19:00,1.8972686029377719
2025-04-23 20:00,2.1657707754385487
2025-04-23 21:00,2.449957503711449
2025-04-23 22:00,3.229280716766478
2025-04-23 23:00,1.181952229902503
2025-04-24 00:00,1.9616138584414196
2025-04-24 01:00,1.7147321267151958
2025-04-24 02:00,4.193190970303847
2025-04-24 03:00,3.9178541244519822
2025-04-24 04:00,3.8964503344936237
2025-04-24 05:00,3.284056044062551
2025-04-24 06:00,3.41669994794125
2025-04-24 07:00,1.7966056300968478
2025-04-24 08:00,1.7109834252533433
2025-04-24 09:00,5.8745003489397085
2025-04-24 10:00,5.325891607605871
2025-04-24 11:00,6.260493598458787
2025-04-24 12:00,7.020481532807575
2025-04-24 13:00,8.272838212376408
2025-04-24 14:00,13.314421634714602
2025-04-24 15:00,11.460505889308543
2025-04-24 16:00,8.271416088748772
2025-04-24 17:00,16.133056766702087
2025-04-24 18:00,25.12436146983656
2025-04-24 19:00,30.250276258052637
2025-04-24 20:00,31.759647688234182
2025-04-24 21:00,22.788680637407563
2025-04-24 22:00,23.207179450141506
2025-04-24 23:00,29.466527491304625
2025-04-25 00:00,28.261982573934247
2025-04-25 01:00,27.433066520378002
2025-04-25 02:00,23.879054246364152
2025-04-25 03:00,23.591161950720032
2025-04-25 04:00,22.007887835667898
2025-04-25 05:00,21.088965872747107
2025-04-25 06:00,20.545384068367348
2025-04-25 07:00,14.102555233082585
2025-04-25 08:00,10.329457885532566
2025-04-25 09:00,6.114105178040108
2025-04-25 10:00,5.092349100636684
2025-04-25 11:00,6.555126214784898
2025-04-25 12:00,6.353318055248492
2025-04-25 13:00,6.270640369772301
2025-04-25 14:00,7.994086642837756
2025-04-25 15:00,10.088559402513523
2025-04-25 16:00,12.119454168021129
2025-04-25 17:00,13.106838333234117
2025-04-25 18:00,11.464519691182636
2025-04-25 19:00,5.824587990839563
2025-04-25 20:00,3.0193055953317773
2025-04-25 21:00,3.428160622839465
2025-04-25 22:00,3.7382401681294413
2025-04-25 23:00,2.3627356373469413
2025-04-26 00:00,2.144115800773006
2025-04-26 01:00,1.8598723047779395
2025-04-26 02:00,1.432957714661434
2025-04-26 03:00,1.4986665752807367
2025-04-26 04:00,3.8554780069196495
2025-04-26 05:00,4.520758078221234
2025-04-26 06:00,3.233728108821114
2025-04-26 07:00,0.546092901509574
2025-04-26 08:00,0.5070708366754587
2025-04-26 09:00,2.0160047203544322
2025-04-26 10:00,4.921442963826495
2025-04-26 11:00,9.688369299606588
2025-04-26 12:00,8.95540271697408
2025-04-26 13:00,7.840779355216394
2025-04-26 14:00,14.68633325303444
2025-04-26 15:00,23.492389670984302
2025-04-26 16:00,23.234455759317406
2025-04-26 17:00,27.40042362038189
2025-04-26 18:00,18.740009088246737
2025-04-26 19:00,18.898474352642598
2025-04-26 20:00,22.616148011616787
2025-04-26 21:00,25.65220859468254
2025-04-26 22:00,28.547631255138423
2025-04-26 23:00,25.992755511667067
2025-04-27 00:00,23.249599009936652
2025-04-27 01:00,17.678571734893268
2025-04-27 02:00,17.322973544145434
2025-04-27 03:00,23.64240902772766
2025-04-27 04:00,25.15853204274046
2025-04-27 05:00,23.76934165255544
2025-04-27 06:00,18.789438390407152
2025-04-27 07:00,23.53012073913286
2025-04-27 08:00,19.183936098545313
2025-04-27 09:00,13.615765413005446
2025-04-27 10:00,7.849968602347461
2025-04-27 11:00,7.6986975614668385
2025-04-27 12:00,5.229446337109189
2025-04-27 13:00,5.84018805950506
2025-04-27 14:00,6.243608297607788
2025-04-27 15:00,6.320877151222174
2025-04-27 16:00,4.688692510019025
2025-04-27 17:00,3.032471609438431
2025-04-27 18:00,4.4153513493127985
2025-04-27 19:00,5.18741076914344
2025-04-27 20:00,5.766311999600194
2025-04-27 21:00,6.364090749740411
2025-04-27 22:00,10.118057392633837
2025-04-27 23:00,5.900842103182961
2025-04-28 00:00,4.347547359304091
2025-04-28 01:00,1.68060123340851
2025-04-28 02:00,1.1577345114254802
2025-04-28 03:00,1.3660400444693421
2025-04-28 04:00,1.2027161536816036
2025-04-28 05:00,1.3224430393052025
2025-04-28 06:00,1.0739429929928037
2025-04-28 07:00,0.45185808832999264
2025-04-28 08:00,1.575511907303383
2025-04-28 09:00,4.747864216098485
2025-04-28 10:00,6.460616067657112
2025-04-28 11:00,7.029578045415676
2025-04-28 12:00,11.01058549569024
2025-04-28 13:00,17.75423000822319
2025-04-28 14:00,28.323592607751937
2025-04-28 15:00,32.15494935107309
2025-04-28 16:00,44.53780446805988
2025-04-28 17:00,44.96638695794586
2025-04-28 18:00,45.93309153684531
2025-04-28 19:00,39.062656146452575
2025-04-28 20:00,25.31114925321447
2025-04-28 21:00,11.442195223069476
2025-04-28 22:00,6.667709499583868
2025-04-28 23:00,4.688199405722202
2025-04-29 00:00,3.997973225228039
2025-04-29 01:00,4.128340498600615
2025-04-29 02:00,5.2340895448955225
2025-04-29 03:00,4.697996343256389
2025-04-29 04:00,4.693255808289498
2025-04-29 05:00,2.9466314145092616
2025-04-29 06:00,0.4838541707824822
2025-04-29 07:00,0.11775947614973978
2025-04-29 08:00,0.05313088747726215
2025-04-29 09:00,0.04181819230295281
2025-04-29 10:00,0.19647544700909347
2025-04-29 11:00,0.15648309734183596
2025-04-29 12:00,0.511628576824991
2025-04-29 13:00,2.0045197991007893
2025-04-29 14:00,2.7558771908212765
2025-04-29 15:00,2.5369193485978467
2025-04-29 16:00,3.6644030497752014
2025-04-29 17:00,5.2787232164534545
2025-04-29 18:00,4.844548597994699
2025-04-29 19:00,11.698537405316266
2025-04-29 20:00,13.121269304194174
2025-04-29 21:00,15.708945867311721
2025-04-29 22:00,24.703866398593192
2025-04-29 23:00,31.90328308620288
2025-04-30 00:00,28.263531840574572
2025-04-30 01:00,35.2802518277863
2025-04-30 02:00,34.83288256943565
2025-04-30 03:00,35.293930436952756
2025-04-30 04:00,35.385584081502955
2025-04-30 05:00,33.91675160568447
2025-04-30 06:00,29.547931307158446
2025-04-30 07:00,30.30714368301101
2025-04-30 08:00,33.36925118709727
2025-04-30 09:00,36.2075299959783
2025-04-30 10:00,34.50244243409931
2025-04-30 11:00,35.18673321845364
2025-04-30 12:00,37.92257938036012
2025-04-30 13:00,42.440337263232394
2025-04-30 14:00,42.49392906963998
2025-04-30 15:00,38.451865786652064
2025-04-30 16:00,39.04880992777374
2025-04-30 17:00,31.3505645001159
2025-04-30 18:00,26.968656996456293
2025-04-30 19:00,33.74125140724027
2025-04-30 20:00,44.24325002143331
2025-04-30 21:00,47.354975578079
2025-04-30 22:00,48.37084873135413
2025-04-30 23:00,48.33271444394856
2025-05-01 00:00,49.93134226306314
2025-05-01 01:00,54.70601665634932
2025-05-01 02:00,50.88570841177855
2025-05-01 03:00,50.27733507205938
2025-05-01 04:00,49.78822068514355
2025-05-01 05:00,49.188343207724564
2025-05-01 06:00,51.76915078402802
2025-05-01 07:00,55.95652039389566
2025-05-01 08:00,57.37673149941351
2025-05-01 09:00,56.433125704764905
2025-05-01 10:00,54.83709697037811
2025-05-01 11:00,54.654212748544566
2025-05-01 12:00,53.15570949031821
2025-05-01 13:00,40.31794067587546
2025-05-01 14:00,28.361349832850728
2025-05-01 15:00,25.418291768545423
2025-05-01 16:00,30.53225903641076
2025-05-01 17:00,25.8061498978127
2025-05-01 18:00,24.2500086794036
2025-05-01 19:00,19.836136743966073
2025-05-01 20:00,12.309375575885044
2025-05-01 21:00,8.189602532292257
2025-05-01 22:00,11.892386175631046
2025-05-01 23:00,12.434992170415642
2025-05-02 00:00,17.143297114285534
2025-05-02 01:00,19.38025606129233
2025-05-02 02:00,35.97075573548094
2025-05-02 03:00,39.48218462485575
2025-05-02 04:00,42.88552030830086
2025-05-02 05:00,33.6288753695262
2025-05-02 06:00,33.90655796255232
2025-05-02 07:00,29.216415184698846
2025-05-02 08:00,37.58338098553968
2025-05-02 09:00,38.87435259706898
2025-05-02 10:00,34.68792558523296
2025-05-02 11:00,30.13572122721616
2025-05-02 12:00,26.938593365874887
2025-05-02 13:00,19.499528742190936
2025-05-02 14:00,15.77956218940557
2025-05-02 15:00,13.50513788520977
2025-05-02 16:00,10.738702134470756
2025-05-02 17:00,5.685899286435729
2025-05-02 18:00,4.493200349394282
2025-05-02 19:00,2.357804130973862
2025-05-02 20:00,0.45796582670188657
2025-05-02 21:00,0.34950426073973556
2025-05-02 22:00,0.10516663187106803
2025-05-02 23:00,0.18260783977645317
2025-05-03 00:00,0.287042861582719
2025-05-03 01:00,0.9912957673323295
2025-05-03 02:00,2.3693970264871127
2025-05-03 03:00,1.6290511294219998
2025-05-03 04:00,4.345470673363134
2025-05-03 05:00,6.223170316298658
2025-05-03 06:00,17.39422552773689
2025-05-03 07:00,13.091521216039485
2025-05-03 08:00,21.8076999437426
2025-05-03 09:00,26.703547292577753
2025-05-03 10:00,22.361010018140316
2025-05-03 11:00,18.676123635793246
2025-05-03 12:00,10.251961376492355
2025-05-03 13:00,6.950741234432908
2025-05-03 14:00,20.1356548250764
2025-05-03 15:00,19.89272147242777
2025-05-03 16:00,44.30393547703515
2025-05-03 17:00,51.59192674938964
2025-05-03 18:00,47.61246441859125
2025-05-03 19:00,41.384871776031545
2025-05-03 20:00,31.492521792027233
2025-05-03 21:00,21.550919665114
2025-05-03 22:00,19.257241214828415
2025-05-03 23:00,11.34008425294466
2025-05-04 00:00,8.140516815176506
2025-05-04 01:00,8.755112474875318
2025-05-04 02:00,8.88232667946005
2025-05-04 03:00,8.033354532436759
2025-05-04 04:00,7.482994206247453
2025-05-04 05:00,7.188689380100306
2025-05-04 06:00,6.169142115287472
2025-05-04 07:00,4.7956278776079495
2025-05-04 08:00,3.7960828038536034
2025-05-04 09:00,2.763200159947762
2025-05-04 10:00,2.499205276225752
2025-05-04 11:00,3.189962769006494
2025-05-04 12:00,8.296781898685872
2025-05-04 13:00,17.732939469743755
2025-05-04 14:00,20.60708698106701
2025-05-04 15:00,17.439212809929483
2025-05-04 16:00,11.192545109571702
2025-05-04 17:00,7.995296295572254
2025-05-04 18:00,6.3605100426905565
2025-05-04 19:00,6.997788363020979
2025-05-04 20:00,5.989321557690734
2025-05-04 21:00,5.269747145877298
2025-05-04 22:00,3.3977177321365164
2025-05-04 23:00,2.2977241791616763
2025-05-05 00:00,0.7855159415022757
2025-05-05 01:00,0.2671748477782554
2025-05-05 02:00,1.653561306214335
2025-05-05 03:00,1.1853263876392286
2025-05-05 04:00,3.0572118218241107
2025-05-05 05:00,3.008154819145855
2025-05-05 06:00,2.237224592920122
2025-05-05 07:00,1.2020634066568294
2025-05-05 08:00,1.9279793028231502
2025-05-05 09:00,2.3194625145076646
2025-05-05 10:00,1.3440660035757233
2025-05-05 11:00,1.6691234575289862
2025-05-05 12:00,2.185012789295598
2025-05-05 13:00,2.626470121547468
2025-05-05 14:00,2.7143791843130427
2025-05-05 15:00,1.4136967108959069
2025-05-05 16:00,1.780203991866024
2025-05-05 17:00,2.610162417241449
2025-05-05 18:00,11.514540282393666
2025-05-05 19:00,7.765190349463804
2025-05-05 20:00,3.480379766162324
2025-05-05 21:00,7.032288847944829
2025-05-05 22:00,18.563518854360765
2025-05-05 23:00,14.078973854876365
2025-05-06 00:00,10.998280413498314
2025-05-06 01:00,6.914741412283499
2025-05-06 02:00,7.137547700248549
2025-05-06 03:00,8.01645933656328
2025-05-06 04:00,7.808355577570207
2025-05-06 05:00,12.583844841768709
2025-05-06 06:00,13.37925109858511
2025-05-06 07:00,10.686452989667021
2025-05-06 08:00,4.971675369417687
2025-05-06 09:00,1.7912060130738365
2025-05-06 10:00,1.3876183523988443
2025-05-06 11:00,0.616230645606371
2025-05-06 12:00,0.69727763589163
2025-05-06 13:00,0.9368687230755398
2025-05-06 14:00,1.989567635726325
2025-05-06 15:00,5.725496338930105
2025-05-06 16:00,6.347510507302372
2025-05-06 17:00,8.887597863665263
2025-05-06 18:00,5.545303859357403
2025-05-06 19:00,3.5704383148371237
2025-05-06 20:00,3.476392035154579
2025-05-06 21:00,4.997003174266966
2025-05-06 22:00,5.0036763231854176
2025-05-06 23:00,1.990084214196485
2025-05-07 00:00,1.8228807289801559
2025-05-07 01:00,1.4943438144697323
2025-05-07 02:00,3.3553469185075344
2025-05-07 03:00,0.6810600159708011
2025-05-07 04:00,0.8664827658423233
2025-05-07 05:00,1.405464815233252
2025-05-07 06:00,0.39745807399916755
2025-05-07 07:00,0.13724877926737045
2025-05-07 08:00,0.04236494912046353
2025-05-07 09:00,0.08752764308555734
2025-05-07 10:00,0.08585100386590108
2025-05-07 11:00,0.3558671676546202
2025-05-07 12:00,1.0307318248692448
2025-05-07 13:00,2.752059929464467
2025-05-07 14:00,4.303374825275989
2025-05-07 15:00,5.000649397605412
2025-05-07 16:00,6.363005560908233
2025-05-07 17:00,5.328675822311924
2025-05-07 18:00,2.655096033284914
2025-05-07 19:00,5.257174720506708
2025-05-07 20:00,1.3165984980951402
2025-05-07 21:00,1.0929054493348185
2025-05-07 22:00,0.7031538243202026
2025-05-07 23:00,0.7748083913650555
2025-05-08 00:00,0.22646242487392299
2025-05-08 01:00,0.478228824508833
2025-05-08 02:00,1.1707203234553742
2025-05-08 03:00,0.9104066097370618
2025-05-08 04:00,1.1634955490859333
2025-05-08 05:00,2.897040117478622
2025-05-08 06:00,2.0211961006371233
2025-05-08 07:00,0.6712261625598973
2025-05-08 08:00,0.1251133576901348
2025-05-08 09:00,0.20835631079406214
2025-05-08 10:00,0.19321858339673903
2025-05-08 11:00,0.397719655665909
2025-05-08 12:00,0.8075701850768234
2025-05-08 13:00,3.884976969241693
2025-05-08 14:00,4.664421984304364
2025-05-08 15:00,6.624040914140962
2025-05-08 16:00,5.898754778957331
2025-05-08 17:00,3.2139017484457826
2025-05-08 18:00,1.9062995791090427
2025-05-08 19:00,1.5120480330413424
2025-05-08 20:00,0.6339820047886484
2025-05-08 21:00,0.41783007368878344
2025-05-08 22:00,0.6922195216385393
2025-05-08 23:00,2.473434164294692
2025-05-09 00:00,5.121065642642005
2025-05-09 01:00,8.056920985171026
2025-05-09 02:00,13.296725710818611
2025-05-09 03:00,16.635935078432567
2025-05-09 04:00,24.36177419793771
2025-05-09 05:00,27.78566940267098
2025-05-09 06:00,24.634684200743735
2025-05-09 07:00,32.30096828105588
2025-05-09 08:00,38.30738528646762
2025-05-09 09:00,41.40321514587393
2025-05-09 10:00,40.20111733064709
2025-05-09 11:00,43.56231293275956
2025-05-09 12:00,51.34403872371013
2025-05-09 13:00,55.53354367208422
2025-05-09 14:00,53.17854849832982
2025-05-09 15:00,47.48162941330766
2025-05-09 16:00,44.37757387929969
2025-05-09 17:00,45.9991415582477
2025-05-09 18:00,48.69708846959325
2025-05-09 19:00,43.10557035543978
2025-05-09 20:00,45.309388805659594
2025-05-09 21:00,47.38372955751252
2025-05-09 22:00,48.26688851335329
2025-05-09 23:00,46.79930953874263
2025-05-10 00:00,51.98397279552532
2025-05-10 01:00,54.53313023170418
2025-05-10 02:00,56.00436445938004
2025-05-10 03:00,54.28343881777824
2025-05-10 04:00,54.30280377227094
2025-05-10 05:00,51.71282081077756
2025-05-10 06:00,48.23302263563772
2025-05-10 07:00,50.10864177289198
2025-05-10 08:00,53.327198332770955
2025-05-10 09:00,55.0724357425664
2025-05-10 10:00,55.392909011468916
2025-05-10 11:00,55.8627818219927
2025-05-10 12:00,55.996915442351586
2025-05-10 13:00,55.20859058168291
2025-05-10 14:00,54.74289600608838
2025-05-10 15:00,54.055201968704324
2025-05-10 16:00,53.71353457275516
2025-05-10 17:00,53.44904627239702
2025-05-10 18:00,46.533519657651475
2025-05-10 19:00,42.118746474068224
2025-05-10 20:00,36.324780037452356
2025-05-10 21:00,28.92012663506432
2025-05-10 22:00,18.57044775981378
2025-05-10 23:00,22.483233979306302
2025-05-11 00:00,20.959979234405104
2025-05-11 01:00,16.100709273137145
2025-05-11 02:00,7.9947961958742955
2025-05-11 03:00,8.3375425607785
2025-05-11 04:00,4.670670246131552
2025-05-11 05:00,2.8854759021372627
2025-05-11 06:00,1.4945021349064547
2025-05-11 07:00,1.3321556136382402
2025-05-11 08:00,0.7115377652463515
2025-05-11 09:00,0.7134924920362242
2025-05-11 10:00,5.060725110829716
2025-05-11 11:00,6.847103409411495
2025-05-11 12:00,22.319152402209664
2025-05-11 13:00,23.610532216225973
2025-05-11 14:00,24.09715966579421
2025-05-11 15:00,21.51432846102269
2025-05-11 16:00,12.270150918444774
2025-05-11 17:00,10.3885734691621
2025-05-11 18:00,3.9379659581804756
2025-05-11 19:00,4.492340788537856
2025-05-11 20:00,6.508536791436034
2025-05-11 21:00,9.195874263700093
2025-05-11 22:00,10.936017310993751
2025-05-11 23:00,6.040802979857994
2025-05-12 00:00,4.844114242990718
2025-05-12 01:00,5.629866046520429
2025-05-12 02:00,7.275308534065942
2025-05-12 03:00,6.541947723478557
2025-05-12 04:00,8.385734190800271
2025-05-12 05:00,10.87121285038725
2025-05-12 06:00,11.930258740488318
2025-05-12 07:00,6.431632061768109
2025-05-12 08:00,3.9525076066829703
2025-05-12 09:00,4.011608745964185
2025-05-12 10:00,6.186500156964263
2025-05-12 11:00,8.94446516008102
2025-05-12 12:00,8.833916034936335
2025-05-12 13:00,9.196949024025859
2025-05-12 14:00,10.921934007381347
2025-05-12 15:00,12.425400739352758
2025-05-12 16:00,14.66229125756223
2025-05-12 17:00,16.156885758324076
2025-05-12 18:00,19.015165984236976
2025-05-12 19:00,24.482896611853985
2025-05-12 20:00,24.922812158899948
2025-05-12 21:00,32.06957617263367
2025-05-12 22:00,38.30798818365184
2025-05-12 23:00,38.18642280632706
2025-05-13 00:00,38.05210591206519
2025-05-13 01:00,40.97068805373169
2025-05-13 02:00,30.471850037954837
2025-05-13 03:00,31.207403642515747
2025-05-13 04:00,33.26070169639643
2025-05-13 05:00,38.102512769402715
2025-05-13 06:00,33.31138170314031
2025-05-13 07:00,29.662588155268455
2025-05-13 08:00,31.97349148186692
2025-05-13 09:00,34.388658315065136
2025-05-13 10:00,33.8034744637702
2025-05-13 11:00,36.23457854297767
2025-05-13 12:00,36.96425580311863
2025-05-13 13:00,35.33633319484187
2025-05-13 14:00,29.371917145940913
2025-05-13 15:00,26.536376664562454
2025-05-13 16:00,23.640044028753294
2025-05-13 17:00,24.594666418233725
2025-05-13 18:00,17.07898913926729
2025-05-13 19:00,12.851030370613435
2025-05-13 20:00,10.064063761336158
2025-05-13 21:00,13.871498097381297
2025-05-13 22:00,6.7482711952541665
2025-05-13 23:00,5.674940288066242
2025-05-14 00:00,3.2395195021208893
2025-05-14 01:00,6.344105823792827
2025-05-14 02:00,5.067966330150892
2025-05-14 03:00,5.816880329560205
2025-05-14 04:00,4.152289229738991
2025-05-14 05:00,3.0744181598208074
2025-05-14 06:00,2.800221743072013
2025-05-14 07:00,1.8326103811101908
2025-05-14 08:00,1.491758941087045
2025-05-14 09:00,6.060661752535208
2025-05-14 10:00,9.476619167889282
2025-05-14 11:00,15.89188609270791
2025-05-14 12:00,24.397510748061876
2025-05-14 13:00,23.264128157414948
2025-05-14 14:00,26.97335943963055
2025-05-14 15:00,28.550261831025455
2025-05-14 16:00,35.25130628689398
2025-05-14 17:00,34.431629010324876
2025-05-14 18:00,30.514883584476827
2025-05-14 19:00,30.408178066138966
2025-05-14 20:00,25.67802106654948
2025-05-14 21:00,34.922026005802664
2025-05-14 22:00,36.99310573272674
2025-05-14 23:00,36.08398725928638
2025-05-15 00:00,29.56708576348202
2025-05-15 01:00,35.60237134902361
2025-05-15 02:00,43.26922396070509
2025-05-15 03:00,48.476819727490245
2025-05-15 04:00,44.43670777317741
2025-05-15 05:00,41.76984481472268
2025-05-15 06:00,44.01317322252644
2025-05-15 07:00,40.8024100316928
2025-05-15 08:00,41.22392354745985
2025-05-15 09:00,33.682156577094965
2025-05-15 10:00,29.093490260133965
2025-05-15 11:00,21.625859632475752
2025-05-15 12:00,20.857753187032532
2025-05-15 13:00,18.693364053137483
2025-05-15 14:00,18.153591277310017
2025-05-15 15:00,18.373715061191795
2025-05-15 16:00,24.464772920232473
2025-05-15 17:00,25.832651156050918
2025-05-15 18:00,22.371747204350594
2025-05-15 19:00,23.78937242460155
2025-05-15 20:00,20.775285983144364
2025-05-15 21:00,15.013071080734111
2025-05-15 22:00,17.803433976304945
2025-05-15 23:00,21.876494517829403
2025-05-16 00:00,16.816958227535906
2025-05-16 01:00,18.15785619293415
2025-05-16 02:00,17.881704257402426
2025-05-16 03:00,17.28481728253301
2025-05-16 04:00,19.227890163907446
2025-05-16 05:00,11.779584894129567
2025-05-16 06:00,3.44735303318478
2025-05-16 07:00,1.9460988706646591
2025-05-16 08:00,3.482335983794634
2025-05-16 09:00,12.452211758693936
2025-05-16 10:00,20.631362512609783
2025-05-16 11:00,20.65305619256999
2025-05-16 12:00,22.05947748999895
2025-05-16 13:00,18.889289471209768
2025-05-16 14:00,19.317392797420624
2025-05-16 15:00,25.065382403556235
2025-05-16 16:00,27.970431882451514
2025-05-16 17:00,32.006306080125285
2025-05-16 18:00,35.610783833879104
2025-05-16 19:00,36.05703745313786
2025-05-16 20:00,40.9818784335454
2025-05-16 21:00,42.69421285652807
2025-05-16 22:00,43.589667685606315
2025-05-16 23:00,35.02507105382415
2025-05-17 00:00,29.89898345779373
2025-05-17 01:00,17.504228131639913
2025-05-17 02:00,9.0398874566769
2025-05-17 03:00,6.8507733151317405
2025-05-17 04:00,4.915019452059809
2025-05-17 05:00,3.152719376364936
2025-05-17 06:00,4.840158322002404
2025-05-17 07:00,10.931500389128418
2025-05-17 08:00,13.35864200808497
2025-05-17 09:00,10.04732278419167
2025-05-17 10:00,8.44581755466943
2025-05-17 11:00,2.1756975353880486
2025-05-17 12:00,0.6177840017220505
2025-05-17 13:00,0.5937980148494384
2025-05-17 14:00,2.5089260331794976
2025-05-17 15:00,4.8528281274989
2025-05-17 16:00,10.35781413241336
2025-05-17 17:00,17.86122291970718
2025-05-17 18:00,22.987981180302747
2025-05-17 19:00,26.842060264441994
2025-05-17 20:00,29.14450750027741
2025-05-17 21:00,28.79676688407788
2025-05-17 22:00,29.679156571422997
2025-05-17 23:00,30.029478386650673
2025-05-18 00:00,20.07066100118606
2025-05-18 01:00,15.47326247101832
2025-05-18 02:00,11.777154046419218
2025-05-18 03:00,9.576243411834147
2025-05-18 04:00,7.208751709305361
2025-05-18 05:00,7.91695284319732
2025-05-18 06:00,14.103759292546462
2025-05-18 07:00,13.459267141151253
2025-05-18 08:00,16.160415462200774
2025-05-18 09:00,6.914339484541618
2025-05-18 10:00,2.864634223523374
2025-05-18 11:00,2.9331071005399787
2025-05-18 12:00,3.7202492814905272
2025-05-18 13:00,4.635617060403713
2025-05-18 14:00,5.089381890557547
2025-05-18 15:00,3.7801768869809798
2025-05-18 16:00,5.183360429282012
2025-05-18 17:00,3.7228003935083573
2025-05-18 18:00,2.519000624405912
2025-05-18 19:00,2.186871928946769
2025-05-18 20:00,2.1026196314587837
2025-05-18 21:00,0.9741507988287962
2025-05-18 22:00,0.44849563067175413
2025-05-18 23:00,0.40723628186747807
2025-05-19 00:00,0.18270514280847888
2025-05-19 01:00,0.14555345239230147
2025-05-19 02:00,0.9261063074751169
2025-05-19 03:00,5.0838450246381
2025-05-19 04:00,7.07920433684894
2025-05-19 05:00,11.601673382639158
2025-05-19 06:00,23.289576823018994
2025-05-19 07:00,35.914927401909566
2025-05-19 08:00,39.143207626110666
2025-05-19 09:00,43.521508153750545
2025-05-19 10:00,44.63114938924716
2025-05-19 11:00,49.05297471535896
2025-05-19 12:00,50.95508449357894
2025-05-19 13:00,51.789157079893506
2025-05-19 14:00,51.27283378673239
2025-05-19 15:00,50.63855587987449
2025-05-19 16:00,45.45555323370577
2025-05-19 17:00,39.557873087820894
2025-05-19 18:00,38.09205303520425
2025-05-19 19:00,40.059905649915
2025-05-19 20:00,34.665802653682334
2025-05-19 21:00,36.737868120011875
2025-05-19 22:00,41.78147170012341
2025-05-19 23:00,49.12359750753964
2025-05-20 00:00,54.181188201620145
2025-05-20 01:00,48.560217968732886
2025-05-20 02:00,44.925055787270495
2025-05-20 03:00,44.11658359859064
2025-05-20 04:00,42.16418701381587
2025-05-20 05:00,41.27622097249491
2025-05-20 06:00,42.77868630747522
2025-05-20 07:00,42.289599929773686
2025-05-20 08:00,36.242528520470955
2025-05-20 09:00,32.07408151444196
2025-05-20 10:00,29.890834994571655
2025-05-20 11:00,23.810726352613838
2025-05-20 12:00,24.715633777702603
2025-05-20 13:00,22.91870676408679
2025-05-20 14:00,19.39722796271488
2025-05-20 15:00,20.24354382965194
2025-05-20 16:00,24.274257122385904
2025-05-20 17:00,20.071221691301673
2025-05-20 18:00,13.473916494457892
2025-05-20 19:00,14.028320558542747
2025-05-20 20:00,13.025079197330257
2025-05-20 21:00,12.482455000425803
2025-05-20 22:00,17.944309009969516
2025-05-20 23:00,16.56595176493653
2025-05-21 00:00,11.206835121181035
2025-05-21 01:00,6.523197348085915
2025-05-21 02:00,9.222830072024086
2025-05-21 03:00,6.127251493132874
2025-05-21 04:00,7.269720191413167
2025-05-21 05:00,5.805893493121707
2025-05-21 06:00,9.436288274549089
2025-05-21 07:00,11.947839563272131
2025-05-21 08:00,11.466790590368158
2025-05-21 09:00,6.914951211617408
2025-05-21 10:00,0.44546080379170705
2025-05-21 11:00,0.45700398669360043
2025-05-21 12:00,1.2238125827580715
2025-05-21 13:00,0.6227247738168062
2025-05-21 14:00,0.6124835981011978
2025-05-21 15:00,0.7122810370069651
2025-05-21 16:00,0.8462526166384569
2025-05-21 17:00,1.3536766216449019
2025-05-21 18:00,0.8801121798516097
2025-05-21 19:00,2.2106718715546116
2025-05-21 20:00,1.8874199725669047
2025-05-21 21:00,1.3886315579541213
2025-05-21 22:00,2.034717095092065
2025-05-21 23:00,1.7297019059181107
2025-05-22 00:00,5.4295252229381985
2025-05-22 01:00,9.668935047037007
2025-05-22 02:00,21.151724758616275
2025-05-22 03:00,16.60302404114676
2025-05-22 04:00,10.053043998100415
2025-05-22 05:00,7.573203781288373
2025-05-22 06:00,3.0289162564956986
2025-05-22 07:00,1.5848590638196174
2025-05-22 08:00,1.491098199299909
2025-05-22 09:00,1.205659429004274
2025-05-22 10:00,1.7874019019264482
2025-05-22 11:00,0.7663773356783378
2025-05-22 12:00,2.212743419210251
2025-05-22 13:00,1.9056045233742798
2025-05-22 14:00,3.3017509226986888
2025-05-22 15:00,6.9676204534806585
2025-05-22 16:00,5.9449246250910655
2025-05-22 17:00,5.936660275309669
2025-05-22 18:00,1.7528201848287785
2025-05-22 19:00,1.959070036504377
2025-05-22 20:00,0.4693649841073961
2025-05-22 21:00,0.9698547128418369
2025-05-22 22:00,3.4614922133180226
2025-05-22 23:00,7.529188703041928
2025-05-23 00:00,2.1982727681836574
2025-05-23 01:00,1.0554070065441894
2025-05-23 02:00,0.8195669891801665
2025-05-23 03:00,0.6901421910766362
2025-05-23 04:00,0.5271753423574664
2025-05-23 05:00,0.21622552080594298
2025-05-23 06:00,0.25102348561455434
2025-05-23 07:00,0.3123812608880216
2025-05-23 08:00,0.4322168830930808
2025-05-23 09:00,0.4559578922528361
2025-05-23 10:00,1.1760287002525105
2025-05-23 11:00,0.6573511851222752
2025-05-23 12:00,0.8054283545496055
2025-05-23 13:00,2.0107310964968987
2025-05-23 14:00,4.51229034365446
2025-05-23 15:00,2.650876784172028
2025-05-23 16:00,3.351534757819729
2025-05-23 17:00,3.7559074734820674
2025-05-23 18:00,5.197295463142551
2025-05-23 19:00,2.087830612263363
2025-05-23 20:00,2.526679972675373
2025-05-23 21:00,1.3014504800537514
2025-05-23 22:00,0.9418247025836238
2025-05-23 23:00,0.7023708309902766
2025-05-24 00:00,1.9351350110343688
2025-05-24 01:00,1.3309212088358282
2025-05-24 02:00,2.3200037646155596
2025-05-24 03:00,3.0226677228952923
2025-05-24 04:00,2.3475488385777443
2025-05-24 05:00,3.3058134796030223
2025-05-24 06:00,2.573563961088253
2025-05-24 07:00,3.2756788543015185
2025-05-24 08:00,3.525402213358398
2025-05-24 09:00,2.777816899160068
2025-05-24 10:00,2.271203424761679
2025-05-24 11:00,3.566185157749405
2025-05-24 12:00,4.884918962461985
2025-05-24 13:00,7.754185941563801
2025-05-24 14:00,11.972194058338465
2025-05-24 15:00,15.084106677656285
2025-05-24 16:00,11.49683639263178
2025-05-24 17:00,21.590755250617942
2025-05-24 18:00,18.792636740590197
2025-05-24 19:00,16.393749277496582
2025-05-24 20:00,12.373172005734473
2025-05-24 21:00,11.569948708428825
2025-05-24 22:00,19.305783488185927
2025-05-24 23:00,29.728503933740793
2025-05-25 00:00,29.573020969051598
2025-05-25 01:00,26.407560549195264
2025-05-25 02:00,19.037782820842576
2025-05-25 03:00,15.730710924808566
2025-05-25 04:00,15.788803481604031
2025-05-25 05:00,8.095177555486648
2025-05-25 06:00,8.582016114740085
2025-05-25 07:00,11.349057916316216
2025-05-25 08:00,12.184719985632357
2025-05-25 09:00,5.995843906510135
2025-05-25 10:00,3.0649137405840126
2025-05-25 11:00,3.2303181930206772
2025-05-25 12:00,2.85467796035625
2025-05-25 13:00,3.523147717525307
2025-05-25 14:00,3.3026156792887207
2025-05-25 15:00,3.171830344310097
2025-05-25 16:00,4.0247983519809996
2025-05-25 17:00,4.813935935204754
2025-05-25 18:00,2.3801506373017842
2025-05-25 19:00,1.4521675000288277
2025-05-25 20:00,0.5455766220694787
2025-05-25 21:00,0.6892896539962344
2025-05-25 22:00,0.3138903277787285
2025-05-25 23:00,0.04418924305499355
2025-05-26 00:00,0.40671706487696524
2025-05-26 01:00,0.84044323657656
2025-05-26 02:00,1.5423724079561014
2025-05-26 03:00,1.7108955111407456
2025-05-26 04:00,1.2152403902029878
2025-05-26 05:00,1.0507334439030744
2025-05-26 06:00,0.576938859323499
2025-05-26 07:00,0.06957676971133876
2025-05-26 08:00,0.272783659848508
2025-05-26 09:00,2.2360848182096325
2025-05-26 10:00,3.4850201532490477
2025-05-26 11:00,7.873344843013894
2025-05-26 12:00,6.113440319040579
2025-05-26 13:00,5.585686049515126
2025-05-26 14:00,6.966006615103104
2025-05-26 15:00,5.654388715463162
2025-05-26 16:00,6.860968680632691
2025-05-26 17:00,4.410776684457546
2025-05-26 18:00,3.4947889549201685
2025-05-26 19:00,4.630767669221477
2025-05-26 20:00,8.047046342499272
2025-05-26 21:00,7.515509413904347
2025-05-26 22:00,10.615997838583993
2025-05-26 23:00,7.657025686287332
2025-05-27 00:00,6.923242576243566
2025-05-27 01:00,6.1036108640027775
2025-05-27 02:00,8.069727192794435
2025-05-27 03:00,7.480155172248089
2025-05-27 04:00,4.714175619021439
2025-05-27 05:00,3.683290112500851
2025-05-27 06:00,0.9615563334260968
2025-05-27 07:00,0.1048641788415758
2025-05-27 08:00,0.09869218931272822
2025-05-27 09:00,0.27441626630633204
2025-05-27 10:00,1.3885272162855875
2025-05-27 11:00,1.5779265116677843
2025-05-27 12:00,2.7445280243276304
2025-05-27 13:00,3.446813916188797
2025-05-27 14:00,4.620082552686506
2025-05-27 15:00,3.8004568914708012
2025-05-27 16:00,4.836092926763153
2025-05-27 17:00,5.017017798310301
2025-05-27 18:00,2.8961352834051954
2025-05-27 19:00,1.8817592665581453
2025-05-27 20:00,0.9465794042215657
2025-05-27 21:00,0.8853676304571645
2025-05-27 22:00,0.3603445548793838
2025-05-27 23:00,0.05049928336467305
2025-05-28 00:00,0.08901754969165372
2025-05-28 01:00,0.1076265703805884
2025-05-28 02:00,0.10804557694972938
2025-05-28 03:00,0.23524993143693612
2025-05-28 04:00,0.2915834618677162
2025-05-28 05:00,0.5886631734217898
2025-05-28 06:00,0.5478911290942032
2025-05-28 07:00,0.057887841837841944
2025-05-28 08:00,0.01910502646527365
2025-05-28 09:00,0.02207554145175321
2025-05-28 10:00,0.03181574793451301
2025-05-28 11:00,0.2468338670083548
2025-05-28 12:00,0.9785977081558712
2025-05-28 13:00,3.617800249895359
2025-05-28 14:00,4.4348894635625715
2025-05-28 15:00,7.087303195288138
2025-05-28 16:00,4.192952888115413
2025-05-28 17:00,5.81747909924784
2025-05-28 18:00,4.4200916515863895
2025-05-28 19:00,1.324427922414048
2025-05-28 20:00,3.2319543144934353
2025-05-28 21:00,2.344135626532303
2025-05-28 22:00,1.3023815808712036
2025-05-28 23:00,0.8061856882107798
2025-05-29 00:00,0.5026815981395738
2025-05-29 01:00,0.37446460619243743
2025-05-29 02:00,0.3518823830968369
2025-05-29 03:00,0.9096968922032646
2025-05-29 04:00,1.3765873489735507
2025-05-29 05:00,1.6294885733313895
2025-05-29 06:00,0.8450692608803542
2025-05-29 07:00,0.25552233275817465
2025-05-29 08:00,0.021372687635381714
2025-05-29 09:00,0.15547468886066246
2025-05-29 10:00,0.23389423697568107
2025-05-29 11:00,0.9064637989727882
2025-05-29 12:00,2.6660169069805413
2025-05-29 13:00,3.852369217387039
2025-05-29 14:00,6.739165133960388
2025-05-29 15:00,14.587397985443577
2025-05-29 16:00,16.363127673587726
2025-05-29 17:00,17.939618751633198
2025-05-29 18:00,6.953222398080243
2025-05-29 19:00,3.9598092131078153
2025-05-29 20:00,1.8448368783903137
2025-05-29 21:00,1.7375382957855483
2025-05-29 22:00,1.2833835191645333
2025-05-29 23:00,1.0780809089750785
2025-05-30 00:00,1.1739285121957062
2025-05-30 01:00,1.1103696140429473
2025-05-30 02:00,1.096951651348937
2025-05-30 03:00,1.79323282168985
2025-05-30 04:00,0.7840098231759179
2025-05-30 05:00,0.7921214681291169
2025-05-30 06:00,0.4524982296667812
2025-05-30 07:00,0.1512527863774602
2025-05-30 08:00,0.04001609076853144
2025-05-30 09:00,0.12348507602384959
2025-05-30 10:00,0.21262996272474885
2025-05-30 11:00,1.6727327592798569
2025-05-30 12:00,2.76628669434108
2025-05-30 13:00,3.6973905496034214
2025-05-30 14:00,7.239795088031576
2025-05-30 15:00,8.076661154875673
2025-05-30 16:00,9.832133808811781
2025-05-30 17:00,7.741737425252231
2025-05-30 18:00,4.639666512477614
2025-05-30 19:00,2.0042621578122564
2025-05-30 20:00,1.448097901535264
2025-05-30 21:00,1.5172728483500066
2025-05-30 22:00,1.612174607431128
2025-05-30 23:00,1.4008166675791387
2025-05-31 00:00,1.0758535087627088
2025-05-31 01:00,0.9668898699278183
2025-05-31 02:00,0.3107160018379909
2025-05-31 03:00,0.6575306292259517
2025-05-31 04:00,1.6732207763759201
2025-05-31 05:00,0.7703717620316686
2025-05-31 06:00,1.158968741445828
2025-05-31 07:00,0.3965834736949708
2025-05-31 08:00,0.025180436787968503
2025-05-31 09:00,0.08591711992519556
2025-05-31 10:00,0.1814075721859773
2025-05-31 11:00,0.12384818291274069
2025-05-31 12:00,1.076167316583813
2025-05-31 13:00,2.3171273763110074
2025-05-31 14:00,4.101926227764808
2025-05-31 15:00,3.124153436721311
2025-05-31 16:00,2.942784614259258
2025-05-31 17:00,8.0996856501645
2025-05-31 18:00,7.796893038062704
2025-05-31 19:00,2.0716135209358075
2025-05-31 20:00,1.26695316360231
2025-05-31 21:00,0.5423623595743967
2025-05-31 22:00,0.35115997857304926
2025-05-31 23:00,0.37154391772975276
2025-06-01 00:00,0.4107313479696045
2025-06-01 01:00,0.4345108459814357
2025-06-01 02:00,0.8026672118791636
2025-06-01 03:00,0.9507648129447765
2025-06-01 04:00,1.014823343597574
2025-06-01 05:00,1.1295181022931506
2025-06-01 06:00,0.242616211036626
2025-06-01 07:00,0.20272786810025922
2025-06-01 08:00,0.07505351457286503
2025-06-01 09:00,0.048110394035816795
2025-06-01 10:00,0.04930147012574688
2025-06-01 11:00,0.1988722439858695
2025-06-01 12:00,0.5517088238269324
2025-06-01 13:00,0.810630944200582
2025-06-01 14:00,3.110428332039248
2025-06-01 15:00,3.6606529138259276
2025-06-01 16:00,2.2138042515062852
2025-06-01 17:00,1.184405263267277
2025-06-01 18:00,0.5973736837236878
2025-06-01 19:00,0.5751299402729079
2025-06-01 20:00,0.016258545739989003
2025-06-01 21:00,0.27142675274116096
2025-06-01 22:00,0.3078444748180409
2025-06-01 23:00,0.29589755843239574
2025-06-02 00:00,0.3720821827591851
2025-06-02 01:00,0.30713809758836735
2025-06-02 02:00,0.14555442659086337
2025-06-02 03:00,0.098774732134644
2025-06-02 04:00,0.10920747045153059
2025-06-02 05:00,0.17552754089442651
2025-06-02 06:00,0.17261193827978352
2025-06-02 07:00,0.05737152473140313
2025-06-02 08:00,0.044548054655086884
2025-06-02 09:00,0.3185571248829789
2025-06-02 10:00,0.9255249751070845
2025-06-02 11:00,4.990855089880974
2025-06-02 12:00,1.3552496702888133
2025-06-02 13:00,0.4276332714811063
2025-06-02 14:00,0.13240249471292004
2025-06-02 15:00,0.8743990147808585
2025-06-02 16:00,4.6765148167903545
2025-06-02 17:00,6.4321153874740435
2025-06-02 18:00,5.4502276215026955
2025-06-02 19:00,2.9056729419535547
2025-06-02 20:00,4.066138761395415
2025-06-02 21:00,4.602175344692029
2025-06-02 22:00,3.129374768618751
2025-06-02 23:00,2.637688920110398
2025-06-03 00:00,1.9558831593530743
2025-06-03 01:00,1.0081001433906698
2025-06-03 02:00,0.7632286390949423
2025-06-03 03:00,0.8831886345650604
2025-06-03 04:00,1.2809287465919423
2025-06-03 05:00,4.756897291050527
2025-06-03 06:00,10.219700826299047
2025-06-03 07:00,11.204291948110747
2025-06-03 08:00,16.530474877697753
2025-06-03 09:00,9.099839322597166
2025-06-03 10:00,4.271944737930808
2025-06-03 11:00,4.072363541380941
2025-06-03 12:00,9.66039116717961
2025-06-03 13:00,28.31266390406026
2025-06-03 14:00,27.983187481672207
2025-06-03 15:00,25.919083486237597
2025-06-03 16:00,20.999785727930803
2025-06-03 17:00,11.983216601637617
2025-06-03 18:00,5.4110720285043294
2025-06-03 19:00,2.1515621865199215
2025-06-03 20:00,5.915465918424865
2025-06-03 21:00,7.830109810539529
2025-06-03 22:00,8.25066158548786
2025-06-03 23:00,8.003109439868368
2025-06-04 00:00,7.295361255663426
2025-06-04 01:00,8.192372545484808
2025-06-04 02:00,14.872497126179113
2025-06-04 03:00,19.50223662718887
2025-06-04 04:00,21.86931014863759
2025-06-04 05:00,17.378994491965635
2025-06-04 06:00,19.888494051416792
2025-06-04 07:00,31.764659961170967
2025-06-04 08:00,24.774212114054578
2025-06-04 09:00,32.24142981962332
2025-06-04 10:00,27.32732628159904
2025-06-04 11:00,23.145988284245725
2025-06-04 12:00,15.658371376300552
2025-06-04 13:00,4.976276156517796
2025-06-04 14:00,7.438986798765033
2025-06-04 15:00,11.044218650664378
2025-06-04 16:00,19.07588598693872
2025-06-04 17:00,19.254803343273252
2025-06-04 18:00,9.613510126690898
2025-06-04 19:00,8.63298134941925
2025-06-04 20:00,3.7322373525842973
2025-06-04 21:00,5.239728423280885
2025-06-04 22:00,5.916910002009502
2025-06-04 23:00,3.6441334193612063
2025-06-05 00:00,5.290899662230178
2025-06-05 01:00,3.689131166527838
2025-06-05 02:00,3.485029550597962
2025-06-05 03:00,3.058453414702632
2025-06-05 04:00,2.7554150156933304
2025-06-05 05:00,3.476894255974248
2025-06-05 06:00,3.05063384650863
2025-06-05 07:00,0.8930884126479165
2025-06-05 08:00,0.25785180910386657
2025-06-05 09:00,0.04731642378494899
2025-06-05 10:00,0.29350971764374023
2025-06-05 11:00,0.0864302549357405
2025-06-05 12:00,0.25932636499159745
2025-06-05 13:00,1.4018987761117514
2025-06-05 14:00,4.172197383650156
2025-06-05 15:00,6.636046766360602
2025-06-05 16:00,8.254088559175155
2025-06-05 17:00,9.334565985246318
2025-06-05 18:00,8.555261100469467
2025-06-05 19:00,11.841855550630495
2025-06-05 20:00,24.20063965531604
2025-06-05 21:00,29.1764184076435
2025-06-05 22:00,34.30898976150148
2025-06-05 23:00,29.258534626313715
2025-06-06 00:00,24.56852455901698
2025-06-06 01:00,25.110634633663064
2025-06-06 02:00,25.723932086492884
2025-06-06 03:00,32.032216259219844
2025-06-06 04:00,30.26098564818267
2025-06-06 05:00,30.221875323693137
2025-06-06 06:00,24.186378854774144
2025-06-06 07:00,24.40997634791406
2025-06-06 08:00,26.70565416740076
2025-06-06 09:00,25.399366880261464
2025-06-06 10:00,17.37054522574749
2025-06-06 11:00,14.14293496687758
2025-06-06 12:00,15.237476719614708
2025-06-06 13:00,15.376484086081659
2025-06-06 14:00,14.894619157180605
2025-06-06 15:00,18.28864696011969
2025-06-06 16:00,16.921363116984875
2025-06-06 17:00,13.688259771799581
2025-06-06 18:00,8.768408257363308
2025-06-06 19:00,3.8213335163297835
2025-06-06 20:00,1.5260813889160068
2025-06-06 21:00,2.338182078152093
2025-06-06 22:00,4.59603203080159
2025-06-06 23:00,10.074409334541267
2025-06-07 00:00,12.560391361125227
2025-06-07 01:00,10.262758366280044
2025-06-07 02:00,9.812075094966984
2025-06-07 03:00,10.98939405345908
2025-06-07 04:00,10.743810169237387
2025-06-07 05:00,9.381971364433484
2025-06-07 06:00,5.608813240341088
2025-06-07 07:00,2.32542055768575
2025-06-07 08:00,3.549358048218243
2025-06-07 09:00,13.137013178189624
2025-06-07 10:00,12.802219891692312
2025-06-07 11:00,14.377311003803138
2025-06-07 12:00,11.650822030510499
2025-06-07 13:00,8.62529779171415
2025-06-07 14:00,7.615259377085678
2025-06-07 15:00,7.0584920045743935
2025-06-07 16:00,7.747936823427075
2025-06-07 17:00,6.441362104170227
2025-06-07 18:00,4.532255021343762
2025-06-07 19:00,3.6297838688376953
2025-06-07 20:00,0.42716973407027425
2025-06-07 21:00,0.34913293602604795
2025-06-07 22:00,0.15446830951566648
2025-06-07 23:00,0.08620793536766641
2025-06-08 00:00,0.05304993069468074
2025-06-08 01:00,0.0282224879309205
2025-06-08 02:00,0.11739528985934196
2025-06-08 03:00,0.16194409043232544
2025-06-08 04:00,0.2929740759523065
2025-06-08 05:00,0.5565233648173176
2025-06-08 06:00,0.6002614444924712
2025-06-08 07:00,0.42858447956341006
2025-06-08 08:00,0.35089069866906664
2025-06-08 09:00,0.20849943776521546
2025-06-08 10:00,0.18207282286346882
2025-06-08 11:00,0.09036607368341201
2025-06-08 12:00,0.24704409639908015
2025-06-08 13:00,0.8351070578277133
2025-06-08 14:00,1.974563832813503
2025-06-08 15:00,4.6978813087510956
2025-06-08 16:00,6.129448245185519
2025-06-08 17:00,5.367363125037508
2025-06-08 18:00,5.2023541567099585
2025-06-08 19:00,2.5457509078660077
2025-06-08 20:00,2.3867579258543925
2025-06-08 21:00,0.6494747794167011
2025-06-08 22:00,0.950073372499363
2025-06-08 23:00,0.810213809893607
2025-06-09 00:00,0.7614861298470958
2025-06-09 01:00,0.8205429195775005
2025-06-09 02:00,0.22018364482113426
2025-06-09 03:00,0.15029813892639704
2025-06-09 04:00,1.2951776841370117
2025-06-09 05:00,1.0920166202438453
2025-06-09 06:00,0.7419671098752287
2025-06-09 07:00,0.278578945682604
2025-06-09 08:00,0.34330240013177415
2025-06-09 09:00,0.42522276506320356
2025-06-09 10:00,0.22679402607094507
2025-06-09 11:00,0.20295114784988333
2025-06-09 12:00,0.4143892169667507
2025-06-09 13:00,0.7049229903891953
2025-06-09 14:00,1.6306907359791678
2025-06-09 15:00,4.053903269471335
2025-06-09 16:00,5.132484635188948
2025-06-09 17:00,4.594428244904996
2025-06-09 18:00,2.4860079825772723
2025-06-09 19:00,1.206425410474349
2025-06-09 20:00,0.5785974987742019
2025-06-09 21:00,0.7521973041011544
2025-06-09 22:00,0.3344086969992392
2025-06-09 23:00,0.29442312931286824
2025-06-10 00:00,0.31087125097713225
2025-06-10 01:00,0.3297938736313372
2025-06-10 02:00,2.477428358067352
2025-06-10 03:00,8.010182233461524
2025-06-10 04:00,14.452633869798776
2025-06-10 05:00,10.891195024233156
2025-06-10 06:00,8.457015932123511
2025-06-10 07:00,12.83412258109252
2025-06-10 08:00,2.874033905235429
2025-06-10 09:00,0.38330647826107056
2025-06-10 10:00,0.45758077487616877
2025-06-10 11:00,1.3037044402392521
2025-06-10 12:00,7.918723575679726
2025-06-10 13:00,6.062929104906891
2025-06-10 14:00,9.711368654523698
2025-06-10 15:00,7.86749490580683
2025-06-10 16:00,13.499817923104363
2025-06-10 17:00,6.895417722393571
2025-06-10 18:00,1.9671453783660782
2025-06-10 19:00,0.9584823105331416
2025-06-10 20:00,0.5094619135315155
2025-06-10 21:00,0.6436739073590443
2025-06-10 22:00,1.1151893590213868
2025-06-10 23:00,2.011051268956662
2025-06-11 00:00,1.9630058345892678
2025-06-11 01:00,1.1850051446131453
2025-06-11 02:00,3.134302890990937
2025-06-11 03:00,5.092459140939776
2025-06-11 04:00,6.305812760397008
2025-06-11 05:00,3.4287322286997064
2025-06-11 06:00,2.1896438997525616
2025-06-11 07:00,0.7337288317907866
2025-06-11 08:00,0.5082641063722082
2025-06-11 09:00,0.6972014050433212
2025-06-11 10:00,2.332484070589387
2025-06-11 11:00,3.6150580569599353
2025-06-11 12:00,2.9516348391527876
2025-06-11 13:00,3.5212245183868056
2025-06-11 14:00,7.642144237861766
2025-06-11 15:00,7.149368827071822
2025-06-11 16:00,9.030320456404427
2025-06-11 17:00,14.866573048159253
2025-06-11 18:00,4.97373745878134
2025-06-11 19:00,2.797338137127827
2025-06-11 20:00,3.131570720622296
2025-06-11 21:00,1.0591526679046868
2025-06-11 22:00,0.9537848455068403
2025-06-11 23:00,0.6108281386785062
2025-06-12 00:00,0.9215191326951491
2025-06-12 01:00,0.0707092473272185
2025-06-12 02:00,0.08961113291072477
2025-06-12 03:00,0.1377665974798465
2025-06-12 04:00,0.2723055787662788
2025-06-12 05:00,0.35107148471410815
2025-06-12 06:00,0.28610487162859305
2025-06-12 07:00,0.31090472668044666
2025-06-12 08:00,0.34101478464616675
2025-06-12 09:00,0.1923031442877378
2025-06-12 10:00,0.07594483791701118
2025-06-12 11:00,0.18404233655992394
2025-06-12 12:00,0.2147274735873672
2025-06-12 13:00,0.09571219374324622
2025-06-12 14:00,0.16781898251138044
2025-06-12 15:00,0.3393475704865918
2025-06-12 16:00,2.0508534437119885
2025-06-12 17:00,4.395856896810753
2025-06-12 18:00,2.834277444738577
2025-06-12 19:00,5.528517360596538
2025-06-12 20:00,2.023314809274608
2025-06-12 21:00,0.9103967850071658
2025-06-12 22:00,0.27996892049989325
2025-06-12 23:00,0.09766845738452454
2025-06-13 00:00,0.09750477883870814
2025-06-13 01:00,0.26852179337516635
2025-06-13 02:00,0.23497469136906385
2025-06-13 03:00,0.15697524776777133
2025-06-13 04:00,0.24424120402658417
2025-06-13 05:00,0.9491919700698734
2025-06-13 06:00,1.557058555214437
2025-06-13 07:00,0.980001626945485
2025-06-13 08:00,0.8959212849890617
2025-06-13 09:00,0.7331795314145025
2025-06-13 10:00,1.041336399746824
2025-06-13 11:00,1.082250735470367
2025-06-13 12:00,1.6447835657196055
2025-06-13 13:00,5.247486562175605
2025-06-13 14:00,8.402173056043932
2025-06-13 15:00,12.947572135505908
2025-06-13 16:00,10.322358789810066
2025-06-13 17:00,5.4137016664202156
2025-06-13 18:00,7.794435102883904
2025-06-13 19:00,12.46006035813531
2025-06-13 20:00,12.13004215338525
2025-06-13 21:00,26.022086649449285
2025-06-13 22:00,24.375408278136238
2025-06-13 23:00,13.52985848271852
2025-06-14 00:00,8.72002122822275
2025-06-14 01:00,11.017532559567922
2025-06-14 02:00,20.072333522584366
2025-06-14 03:00,29.73602112018757
2025-06-14 04:00,30.928492605670844
2025-06-14 05:00,33.16923865235495
2025-06-14 06:00,32.76006608973497
2025-06-14 07:00,26.96192674922101
2025-06-14 08:00,28.503627094482535
2025-06-14 09:00,24.08553260519993
2025-06-14 10:00,24.48194117769594
2025-06-14 11:00,23.969293232798726
2025-06-14 12:00,19.622598218830895
2025-06-14 13:00,21.26048422671701
2025-06-14 14:00,14.779713977773012
2025-06-14 15:00,17.809222344516588
2025-06-14 16:00,15.898234260281487
2025-06-14 17:00,11.12243846424684
2025-06-14 18:00,9.886662885069514
2025-06-14 19:00,15.171625072029135
2025-06-14 20:00,7.969162521198136
2025-06-14 21:00,4.810003122477191
2025-06-14 22:00,3.0453964461461096
2025-06-14 23:00,5.591450890264085
2025-06-15 00:00,5.874383591846407
2025-06-15 01:00,4.151946510843455
2025-06-15 02:00,2.7747737583705767
2025-06-15 03:00,1.6512913451077398
2025-06-15 04:00,2.1647401734159883
2025-06-15 05:00,2.66494513565656
2025-06-15 06:00,3.6920222215724516
2025-06-15 07:00,5.332111092968521
2025-06-15 08:00,4.438631710118428
2025-06-15 09:00,1.7231786164773975
2025-06-15 10:00,2.1456324972793914
2025-06-15 11:00,8.625592069982645
2025-06-15 12:00,12.788349282100022
2025-06-15 13:00,18.16827036882821
2025-06-15 14:00,22.388694213585033
2025-06-15 15:00,20.98981994219694
2025-06-15 16:00,25.882165727736023
2025-06-15 17:00,30.63313959067035
2025-06-15 18:00,35.368452857428515
2025-06-15 19:00,36.399985802479684
2025-06-15 20:00,40.281059896637366
2025-06-15 21:00,42.92123953067923
2025-06-15 22:00,39.894411063335696
2025-06-15 23:00,43.905460018562685
2025-06-16 00:00,42.02235803472762
2025-06-16 01:00,38.86547382889359
2025-06-16 02:00,40.79566148517215
2025-06-16 03:00,41.11647622859989
2025-06-16 04:00,36.73960721556949
2025-06-16 05:00,32.99960487653851
2025-06-16 06:00,29.22900107586406
2025-06-16 07:00,36.764661583254316
2025-06-16 08:00,29.604971527545253
2025-06-16 09:00,36.38334982096962
2025-06-16 10:00,33.17331276610945
2025-06-16 11:00,36.62117625402525
2025-06-16 12:00,36.04408669567566
2025-06-16 13:00,32.085293084827484
2025-06-16 14:00,27.686181439570362
2025-06-16 15:00,30.590832263374587
2025-06-16 16:00,38.59665211721504
2025-06-16 17:00,39.797200455719924
2025-06-16 18:00,40.14388706119706
2025-06-16 19:00,38.88762999569091
2025-06-16 20:00,41.17861152004791
2025-06-16 21:00,40.94053485016026
2025-06-16 22:00,40.52242174838209
2025-06-16 23:00,40.67221545123853
2025-06-17 00:00,38.70573039504582
2025-06-17 01:00,38.766917873623825
2025-06-17 02:00,41.163654141913185
2025-06-17 03:00,43.37691878629872
2025-06-17 04:00,45.08383746779973
2025-06-17 05:00,45.61437921927144
2025-06-17 06:00,45.744343825391724
2025-06-17 07:00,45.70045541327639
2025-06-17 08:00,46.98608297085701
2025-06-17 09:00,47.514118314735214
2025-06-17 10:00,46.508747985110325
2025-06-17 11:00,43.736280655451246
2025-06-17 12:00,36.55225964125211
2025-06-17 13:00,35.712841976387445
2025-06-17 14:00,38.079933938960956
2025-06-17 15:00,36.783474564459446
2025-06-17 16:00,35.884789069703224
2025-06-17 17:00,32.054670420432885
2025-06-17 18:00,28.975267903444443
2025-06-17 19:00,28.08298139215072
2025-06-17 20:00,23.333711203483407
2025-06-17 21:00,21.798894483697058
2025-06-17 22:00,17.779521336800627
2025-06-17 23:00,16.019678577262155
2025-06-18 00:00,16.06060746452639
2025-06-18 01:00,16.314655140968753
2025-06-18 02:00,17.932232684502488
2025-06-18 03:00,11.55263552489951
2025-06-18 04:00,7.620115796370873
2025-06-18 05:00,6.4010206825469655
2025-06-18 06:00,5.863810491485912
2025-06-18 07:00,2.1343286717479604
2025-06-18 08:00,0.43719404399914896
2025-06-18 09:00,0.42706706259904637
2025-06-18 10:00,0.2776506849870832
2025-06-18 11:00,0.2007184414714657
2025-06-18 12:00,0.20764653689172533
2025-06-18 13:00,0.1333088685315318
2025-06-18 14:00,0.5348289864883209
2025-06-18 15:00,2.23213565450609
2025-06-18 16:00,1.2082167397972325
2025-06-18 17:00,1.2954148499890783
2025-06-18 18:00,0.2627916503248655
2025-06-18 19:00,0.07939263413040093
2025-06-18 20:00,0.5273299887379612
2025-06-18 21:00,0.8457444432598762
2025-06-18 22:00,0.7856708669992357
2025-06-18 23:00,1.0113449715532117
2025-06-19 00:00,2.3063793549919374
2025-06-19 01:00,3.2353033929481825
2025-06-19 02:00,3.2971592809179997
2025-06-19 03:00,2.419031461423062
2025-06-19 04:00,0.5552575737955765
2025-06-19 05:00,0.28417515299790896
2025-06-19 06:00,0.1670228291372347
2025-06-19 07:00,0.11358796825774181
2025-06-19 08:00,0.19385287345903346
2025-06-19 09:00,0.1748411631584118
2025-06-19 10:00,0.24098123290298878
2025-06-19 11:00,0.39338989467663865
2025-06-19 12:00,1.6689293274500578
2025-06-19 13:00,1.4970505863434016
2025-06-19 14:00,9.09680838486255
2025-06-19 15:00,3.955667754028714
2025-06-19 16:00,17.665629728694096
2025-06-19 17:00,16.050346465983903
2025-06-19 18:00,16.72185446890576
2025-06-19 19:00,14.483394050186163
2025-06-19 20:00,25.245340584584124
2025-06-19 21:00,28.231804604071716
2025-06-19 22:00,21.81765384478099
2025-06-19 23:00,33.98661378376711
2025-06-20 00:00,33.99803083614387
2025-06-20 01:00,42.30110101311
2025-06-20 02:00,40.57691598007809
2025-06-20 03:00,31.905438978432247
2025-06-20 04:00,30.490997003406346
2025-06-20 05:00,32.48835867660093
2025-06-20 06:00,42.27934711418977
2025-06-20 07:00,43.07189716082988
2025-06-20 08:00,45.387376138569884
2025-06-20 09:00,44.37267750401837
2025-06-20 10:00,42.863310943929875
2025-06-20 11:00,42.70099631146141
2025-06-20 12:00,40.90824283666273
2025-06-20 13:00,43.368064224006076
2025-06-20 14:00,43.46844691533835
2025-06-20 15:00,49.5003970191754
2025-06-20 16:00,51.023975673868456
2025-06-20 17:00,50.44661743108978
2025-06-20 18:00,48.558047626854766
2025-06-20 19:00,51.10682323608822
2025-06-20 20:00,47.3221036971762
2025-06-20 21:00,47.20379309159207
2025-06-20 22:00,46.12830017879403
2025-06-20 23:00,42.8823668763714
2025-06-21 00:00,43.679529278494854
2025-06-21 01:00,41.98093966454644
2025-06-21 02:00,41.10354502499851
2025-06-21 03:00,42.87573408895526
2025-06-21 04:00,43.42754298424106
2025-06-21 05:00,42.679950598611995
2025-06-21 06:00,44.18489762299115
2025-06-21 07:00,47.34399036421913
2025-06-21 08:00,41.25733182757187
2025-06-21 09:00,40.84310010255011
2025-06-21 10:00,41.22758773272105
2025-06-21 11:00,35.04988185749194
2025-06-21 12:00,22.49863885686656
2025-06-21 13:00,26.32747916442365
2025-06-21 14:00,29.859668879155194
2025-06-21 15:00,42.94002430467154
2025-06-21 16:00,27.695449272301506
2025-06-21 17:00,29.454176403093378
2025-06-21 18:00,22.143659594380686
2025-06-21 19:00,8.561873232116621
2025-06-21 20:00,2.128092379904297
2025-06-21 21:00,2.666646622177946
2025-06-21 22:00,5.140430510812242
2025-06-21 23:00,3.89392785355785
2025-06-22 00:00,1.119362371356985
2025-06-22 01:00,0.6205875591944685
2025-06-22 02:00,0.5345936074305144
2025-06-22 03:00,0.264974059166509
2025-06-22 04:00,0.6420595032879064
2025-06-22 05:00,1.0045897496800442
2025-06-22 06:00,1.4192024956896512
2025-06-22 07:00,1.0229273893112139
2025-06-22 08:00,0.502567211926283
2025-06-22 09:00,0.5103982040200834
2025-06-22 10:00,0.6053945592425899
2025-06-22 11:00,0.3429209896916496
2025-06-22 12:00,0.4651645386828604
2025-06-22 13:00,1.1562712646259268
2025-06-22 14:00,1.5827211062520459
2025-06-22 15:00,1.6388802783434404
2025-06-22 16:00,1.947991502821821
2025-06-22 17:00,2.192736064651544
2025-06-22 18:00,1.7397544003148653
2025-06-22 19:00,0.647968018569281
2025-06-22 20:00,0.3675554629366911
2025-06-22 21:00,0.5302465838192603
2025-06-22 22:00,0.6784365026963102
2025-06-22 23:00,0.8288047925892918
2025-06-23 00:00,0.11591582574292578
2025-06-23 01:00,0.10676734780151867
2025-06-23 02:00,0.23730938872886248
2025-06-23 03:00,0.23840267156098183
2025-06-23 04:00,0.8036151645232694
2025-06-23 05:00,0.6692415052842386
2025-06-23 06:00,0.630583115826615
2025-06-23 07:00,0.3427358188361463
2025-06-23 08:00,0.1803800455371906
2025-06-23 09:00,0.22826062556983362
2025-06-23 10:00,0.36325147767994787
2025-06-23 11:00,1.2341924476391541
2025-06-23 12:00,1.1827181070204582
2025-06-23 13:00,0.7270746859348406
2025-06-23 14:00,0.9006156724907228
2025-06-23 15:00,2.2549068253506777
2025-06-23 16:00,2.6779007525233007
2025-06-23 17:00,1.678241901061322
2025-06-23 18:00,2.118084100533276
2025-06-23 19:00,0.5693829964061655
2025-06-23 20:00,2.047642816094425
2025-06-23 21:00,6.116539203296459
2025-06-23 22:00,1.2634009881468897
2025-06-23 23:00,0.2236946773237079
2025-06-24 00:00,0.83164807790415
2025-06-24 01:00,1.5818804292485178
2025-06-24 02:00,1.043551687920515
2025-06-24 03:00,1.2593855419085251
2025-06-24 04:00,2.155630175857635
2025-06-24 05:00,1.3725622957278374
2025-06-24 06:00,0.6356021217193029
2025-06-24 07:00,0.42795596838436123
2025-06-24 08:00,1.3624492955340088
2025-06-24 09:00,1.5870105576591211
2025-06-24 10:00,1.2696914582065937
2025-06-24 11:00,1.1872287690045105
2025-06-24 12:00,1.138144607740576
2025-06-24 13:00,0.3043202506146911
2025-06-24 14:00,0.18172758914664267
2025-06-24 15:00,0.35996680617345134
2025-06-24 16:00,0.22777508300241664
2025-06-24 17:00,0.24042070184612435
2025-06-24 18:00,0.6597389205645375
2025-06-24 19:00,1.5103939453655226
2025-06-24 20:00,2.078157091094394
2025-06-24 21:00,2.461463644863416
2025-06-24 22:00,0.7233933901929045
2025-06-24 23:00,0.538651482310492
2025-06-25 00:00,0.49244740510162033
2025-06-25 01:00,0.3913563190005106
2025-06-25 02:00,0.39053659239552685
2025-06-25 03:00,0.5005570867655319
2025-06-25 04:00,1.070765723251378
2025-06-25 05:00,1.4748096412956118
2025-06-25 06:00,1.528425374353965
2025-06-25 07:00,11.17612454562737
2025-06-25 08:00,10.718073401336833
2025-06-25 09:00,8.042016994985241
2025-06-25 10:00,7.020147436573422
2025-06-25 11:00,6.799091614276331
2025-06-25 12:00,11.970785011136329
2025-06-25 13:00,9.100709075673567
2025-06-25 14:00,7.186169296358794
2025-06-25 15:00,10.361162666382716
2025-06-25 16:00,13.488433487291438
2025-06-25 17:00,20.25992627497946
2025-06-25 18:00,18.609189367853386
2025-06-25 19:00,30.57114157458562
2025-06-25 20:00,29.71924840929807
2025-06-25 21:00,15.619547680777185
2025-06-25 22:00,12.925394575707406
2025-06-25 23:00,11.345769406419674
2025-06-26 00:00,11.579676638902626
2025-06-26 01:00,10.655211792457942
2025-06-26 02:00,6.894032696018838
2025-06-26 03:00,4.685599871887415
2025-06-26 04:00,7.2188233122563785
2025-06-26 05:00,3.389124984116597
2025-06-26 06:00,5.77322381496973
2025-06-26 07:00,3.608566883584435
2025-06-26 08:00,2.21478985013345
2025-06-26 09:00,1.0143890428638354
2025-06-26 10:00,0.5618268226270535
2025-06-26 11:00,0.1461799970824779
2025-06-26 12:00,0.075551287088403
2025-06-26 13:00,0.2712043540545611
2025-06-26 14:00,0.4937234889024873
2025-06-26 15:00,0.7421398010644258
2025-06-26 16:00,0.8512925743550606
2025-06-26 17:00,1.1046442246754133
2025-06-26 18:00,1.2500352744946759
2025-06-26 19:00,1.2229225754167399
2025-06-26 20:00,0.44659081993043165
2025-06-26 21:00,0.5393581479884382
2025-06-26 22:00,0.9427494664765796
2025-06-26 23:00,1.5312197834825774
2025-06-27 00:00,0.5741506711524944
2025-06-27 01:00,0.3316705571724843
2025-06-27 02:00,0.5148552375569309
2025-06-27 03:00,0.82979356736626
2025-06-27 04:00,1.4730998067859433
2025-06-27 05:00,0.8436108568268794
2025-06-27 06:00,0.4671670114841722
2025-06-27 07:00,0.09107984596433333
2025-06-27 08:00,0.1268269491624636
2025-06-27 09:00,0.48896734053947505
2025-06-27 10:00,0.6828948406186048
2025-06-27 11:00,0.3582762993932074
2025-06-27 12:00,0.5067711476241327
2025-06-27 13:00,0.3245737820391503
2025-06-27 14:00,0.47077613333917867
2025-06-27 15:00,0.14120583346662802
2025-06-27 16:00,0.13968688731471104
2025-06-27 17:00,0.19134317829706085
2025-06-27 18:00,0.3628394940520729
2025-06-27 19:00,1.478671117415571
2025-06-27 20:00,0.8060896257357142
2025-06-27 21:00,0.6031360318016158
2025-06-27 22:00,1.0285028181756113
2025-06-27 23:00,2.2937879584155874
2025-06-28 00:00,10.339849938478322
2025-06-28 01:00,7.54451234542905
2025-06-28 02:00,5.9698176628311
2025-06-28 03:00,2.66656300458596
2025-06-28 04:00,1.6031939396690966
2025-06-28 05:00,1.8716150046621012
2025-06-28 06:00,2.8480261667995337
2025-06-28 07:00,3.182471682635047
2025-06-28 08:00,1.993572648891091
2025-06-28 09:00,2.7516705135253146
2025-06-28 10:00,4.966380841264303
2025-06-28 11:00,6.622318841172516
2025-06-28 12:00,5.322115957841183
2025-06-28 13:00,8.623856912344834
2025-06-28 14:00,9.952358693159384
2025-06-28 15:00,11.482408745367737
2025-06-28 16:00,7.444708280571634
2025-06-28 17:00,17.86361780220406
2025-06-28 18:00,12.247225888269043
2025-06-28 19:00,11.898369344532808
2025-06-28 20:00,11.236244524038225
2025-06-28 21:00,9.427793424716644
2025-06-28 22:00,7.101507990300363
2025-06-28 23:00,6.633548580773596
2025-06-29 00:00,8.926616689806147
2025-06-29 01:00,8.63359774658663
2025-06-29 02:00,9.392800001695681
2025-06-29 03:00,6.340315429594205
2025-06-29 04:00,1.9805135044119815
2025-06-29 05:00,1.3752187254584773
2025-06-29 06:00,1.0455416209090176
2025-06-29 07:00,0.8229888753504023
2025-06-29 08:00,1.6061746001712611
2025-06-29 09:00,4.561939301137973
2025-06-29 10:00,5.343139497549528
2025-06-29 11:00,4.415490419205536
2025-06-29 12:00,3.0324172868477675
2025-06-29 13:00,7.3273533079757485
2025-06-29 14:00,8.809783790561747
2025-06-29 15:00,13.111140381082468
2025-06-29 16:00,15.662538323199339
2025-06-29 17:00,13.023847518308033
2025-06-29 18:00,11.278711563690031
2025-06-29 19:00,10.457992092059166
2025-06-29 20:00,10.202543333047146
2025-06-29 21:00,2.130986561950368
2025-06-29 22:00,1.2026863930003446
2025-06-29 23:00,0.36360649581577353
2025-06-30 00:00,1.6035518879237585
2025-06-30 01:00,0.4900609310281707
2025-06-30 02:00,0.6136154837658369
2025-06-30 03:00,1.4301588274593555
2025-06-30 04:00,1.4160027869506557
2025-06-30 05:00,0.8620268448087983
2025-06-30 06:00,0.5052087692279058
2025-06-30 07:00,0.17926984689159298
2025-06-30 08:00,0.19500462922243395
2025-06-30 09:00,0.23826023647087813
2025-06-30 10:00,1.6151705452161875
2025-06-30 11:00,1.4557876441203508
2025-06-30 12:00,2.9932243264682037
2025-06-30 13:00,4.41945161781909
2025-06-30 14:00,3.5579588872765857
2025-06-30 15:00,5.920159988548241
2025-06-30 16:00,7.2874525010304545
2025-06-30 17:00,6.861406683305791
2025-06-30 18:00,3.7842261813290126
2025-06-30 19:00,1.8786031406039632
2025-06-30 20:00,0.8298180749770707
2025-06-30 21:00,0.6731643951133015
2025-06-30 22:00,0.30895186174352596
2025-06-30 23:00,0.12210796646451134
2025-07-01 00:00,0.8596497583523459
2025-07-01 01:00,1.4906686674254221
2025-07-01 02:00,1.4479087526575836
2025-07-01 03:00,0.9322433206010827
2025-07-01 04:00,1.5683271530318696
2025-07-01 05:00,1.5745625319481251
2025-07-01 06:00,1.8265059377890083
2025-07-01 07:00,1.2726749787822995
2025-07-01 08:00,1.9386000112728983
2025-07-01 09:00,4.8599202050789465
2025-07-01 10:00,2.8988070049838495
2025-07-01 11:00,3.350531045218682
2025-07-01 12:00,4.5953174085223925
2025-07-01 13:00,2.659708024585584
2025-07-01 14:00,2.4118764527580874
2025-07-01 15:00,4.36473548957616
2025-07-01 16:00,5.359244932009188
2025-07-01 17:00,5.897427318192311
2025-07-01 18:00,6.487530214830537
2025-07-01 19:00,4.001044858656792
2025-07-01 20:00,1.4471325194790674
2025-07-01 21:00,1.2159070364712594
2025-07-01 22:00,0.8200410814904384
2025-07-01 23:00,2.0372742558718993
2025-07-02 00:00,4.62497075545213
2025-07-02 01:00,4.493367907563593
2025-07-02 02:00,6.101836842112725
2025-07-02 03:00,6.236748009082817
2025-07-02 04:00,4.180668955629299
2025-07-02 05:00,4.005844823745054
2025-07-02 06:00,4.530572099632252
2025-07-02 07:00,3.500388960558916
2025-07-02 08:00,5.37995586282304
2025-07-02 09:00,6.857996198193129
2025-07-02 10:00,3.974449935184877
2025-07-02 11:00,5.884925266679666
2025-07-02 12:00,8.238897640854125
2025-07-02 13:00,8.685697979285536
2025-07-02 14:00,5.890849580380032
2025-07-02 15:00,6.399021483106531
2025-07-02 16:00,4.878803731845525
2025-07-02 17:00,2.901583434740906
2025-07-02 18:00,4.6455147553322105
2025-07-02 19:00,5.269837313683797
2025-07-02 20:00,1.318434320710869
2025-07-02 21:00,1.095896683104386
2025-07-02 22:00,2.0256374147689336
2025-07-02 23:00,2.477980947255018
2025-07-03 00:00,3.495965856502066
2025-07-03 01:00,7.401759612168486
2025-07-03 02:00,7.46852642313282
2025-07-03 03:00,6.845613117734394
2025-07-03 04:00,9.290344180844816
2025-07-03 05:00,8.589244297442692
2025-07-03 06:00,6.868322687190609
2025-07-03 07:00,3.782347685293348
2025-07-03 08:00,7.244898611609001
2025-07-03 09:00,6.624819727504093
2025-07-03 10:00,7.917406928932294
2025-07-03 11:00,10.568110449469863
2025-07-03 12:00,7.99088491090686
2025-07-03 13:00,6.571441122934532
2025-07-03 14:00,7.015609498309093
2025-07-03 15:00,7.711543319486558
2025-07-03 16:00,7.367015940715378
2025-07-03 17:00,9.314577698202681
2025-07-03 18:00,9.361756336943877
2025-07-03 19:00,8.8567354793134
2025-07-03 20:00,6.844489186980871
2025-07-03 21:00,8.747202330119302
2025-07-03 22:00,8.126660283894273
2025-07-03 23:00,8.427250496903962
2025-07-04 00:00,9.857546159284361
2025-07-04 01:00,11.660001708036349
2025-07-04 02:00,15.03434807826221
2025-07-04 03:00,17.887773052855486
2025-07-04 04:00,19.961810917198353
2025-07-04 05:00,18.982251593591585
2025-07-04 06:00,17.680643818587274
2025-07-04 07:00,28.881837134498433
2025-07-04 08:00,27.235216979387843
2025-07-04 09:00,23.380480351463216
2025-07-04 10:00,20.33741047722664
2025-07-04 11:00,20.58197160068169
2025-07-04 12:00,23.831726730002135
2025-07-04 13:00,22.176614495718212
2025-07-04 14:00,17.337324888159337
2025-07-04 15:00,17.346611752626636
2025-07-04 16:00,18.193503858287713
2025-07-04 17:00,22.86428335211499
2025-07-04 18:00,18.781830442598412
2025-07-04 19:00,23.91254401572375
2025-07-04 20:00,20.457038034410445
2025-07-04 21:00,19.819163006629644
2025-07-04 22:00,12.036636813576198
2025-07-04 23:00,12.441133606703154
2025-07-05 00:00,10.697764286039325
2025-07-05 01:00,11.577544296286042
2025-07-05 02:00,12.294137388927965
2025-07-05 03:00,9.971969969368605
2025-07-05 04:00,8.392400461289597
2025-07-05 05:00,7.12084778136624
2025-07-05 06:00,10.0937924845905
2025-07-05 07:00,16.670545435888123
2025-07-05 08:00,24.619330047693392
2025-07-05 09:00,18.662295401213534
2025-07-05 10:00,19.05716595705509
2025-07-05 11:00,15.710335888880271
2025-07-05 12:00,13.993916757715443
2025-07-05 13:00,12.499138275635525
2025-07-05 14:00,14.553925117919817
2025-07-05 15:00,12.035247057806327
2025-07-05 16:00,9.479166201531598
2025-07-05 17:00,13.31334187295607
2025-07-05 18:00,14.490782146046007
2025-07-05 19:00,18.15217729550896
2025-07-05 20:00,13.802266449934885
2025-07-05 21:00,10.055786125336844
2025-07-05 22:00,11.085582555778121
2025-07-05 23:00,9.91321602963957
2025-07-06 00:00,8.588111264191452
2025-07-06 01:00,12.108028991831146
2025-07-06 02:00,11.520528322908612
2025-07-06 03:00,9.074114994891277
2025-07-06 04:00,7.487981941615021
2025-07-06 05:00,5.51371416913285
2025-07-06 06:00,7.857070543275407
2025-07-06 07:00,9.947377548374124
2025-07-06 08:00,7.516480220961154
2025-07-06 09:00,7.257324684090773
2025-07-06 10:00,5.458071712001164
2025-07-06 11:00,3.725524546492048
2025-07-06 12:00,5.001774841184325
2025-07-06 13:00,6.578924175158389
2025-07-06 14:00,7.195913718960257
2025-07-06 15:00,5.175506439325014
2025-07-06 16:00,7.204172696063321
2025-07-06 17:00,6.401514568331038
2025-07-06 18:00,7.951458759293864
2025-07-06 19:00,11.194658392134558
2025-07-06 20:00,11.616377568188698
2025-07-06 21:00,8.662967147804471
2025-07-06 22:00,8.272984990917738
2025-07-06 23:00,5.498226591583569
2025-07-07 00:00,8.41184972522296
2025-07-07 01:00,3.823428173993305
2025-07-07 02:00,3.620154750394744
2025-07-07 03:00,2.4630648666240935
2025-07-07 04:00,2.0754976564531753
2025-07-07 05:00,1.1085939860954939
2025-07-07 06:00,0.49622777722998757
2025-07-07 07:00,0.17348925199186888
2025-07-07 08:00,0.17369664546924912
2025-07-07 09:00,0.2027034111386085
2025-07-07 10:00,0.25296718471508095
2025-07-07 11:00,0.3876047531103356
2025-07-07 12:00,0.14783450448194954
2025-07-07 13:00,0.31679085075783053
2025-07-07 14:00,1.7261724733170694
2025-07-07 15:00,3.3881859918440314
2025-07-07 16:00,5.113031604400532
2025-07-07 17:00,4.147413453162528
2025-07-07 18:00,2.9668853787276017
2025-07-07 19:00,3.545049541065919
2025-07-07 20:00,0.8731813363409499
2025-07-07 21:00,0.7125608334776669
2025-07-07 22:00,0.946835881877565
2025-07-07 23:00,0.633508419613975
2025-07-08 00:00,0.6723062218577667
2025-07-08 01:00,0.5570542205920421
2025-07-08 02:00,0.2547068926665867
2025-07-08 03:00,0.6476640455782694
2025-07-08 04:00,1.2362846707791886
2025-07-08 05:00,1.641169983847298
2025-07-08 06:00,0.7795785235242569
2025-07-08 07:00,1.1142791367308744
2025-07-08 08:00,0.835792458321835
2025-07-08 09:00,1.0359276864655742
2025-07-08 10:00,0.8962662513976587
2025-07-08 11:00,1.3398515626932719
2025-07-08 12:00,1.2803901506532693
2025-07-08 13:00,1.449822716781324
2025-07-08 14:00,2.1500364248940507
2025-07-08 15:00,5.485117676911045
2025-07-08 16:00,4.0745663446533165
2025-07-08 17:00,2.112510789687695
2025-07-08 18:00,1.846203982554147
2025-07-08 19:00,3.5470794693247534
2025-07-08 20:00,5.651365444187172
2025-07-08 21:00,3.7276259036872004
2025-07-08 22:00,1.5553472333420757
2025-07-08 23:00,2.315046211237326
2025-07-09 00:00,1.6784497721840843
2025-07-09 01:00,1.32819172742956
2025-07-09 02:00,1.519634644941585
2025-07-09 03:00,2.537961059651475
2025-07-09 04:00,1.9461790956685205
2025-07-09 05:00,1.2604167769820631
2025-07-09 06:00,1.6904288499163012
2025-07-09 07:00,1.5847423265765879
2025-07-09 08:00,1.727730280896469
2025-07-09 09:00,1.5368461852693054
2025-07-09 10:00,1.5064534349536034
2025-07-09 11:00,1.827082864181242
2025-07-09 12:00,2.0576747262056094
2025-07-09 13:00,1.2687762211012101
2025-07-09 14:00,2.858756704969626
2025-07-09 15:00,5.099056024936261
2025-07-09 16:00,4.067155292541575
2025-07-09 17:00,2.9274074538810857
2025-07-09 18:00,4.210813202198668
2025-07-09 19:00,4.363183215217379
2025-07-09 20:00,1.4243309016390147
2025-07-09 21:00,2.2432482321771445
2025-07-09 22:00,1.3767742487674073
2025-07-09 23:00,0.910351740418645
2025-07-10 00:00,0.9082759902153521
2025-07-10 01:00,1.6446070178956678
2025-07-10 02:00,1.6637503912513183
2025-07-10 03:00,1.2031046438758786
2025-07-10 04:00,2.2925267321098532
2025-07-10 05:00,2.805697935673777
2025-07-10 06:00,3.405080710245601
2025-07-10 07:00,3.130822728403768
2025-07-10 08:00,3.3631977793646497
2025-07-10 09:00,3.375028882681014
2025-07-10 10:00,6.167963491394045
2025-07-10 11:00,8.089045103189196
2025-07-10 12:00,5.398200255698044
2025-07-10 13:00,8.935685938301404
2025-07-10 14:00,12.710359880564855
2025-07-10 15:00,18.779325908023505
2025-07-10 16:00,19.58050511558367
2025-07-10 17:00,19.676979699620357
2025-07-10 18:00,19.19806696994131
2025-07-10 19:00,11.650602587954328
2025-07-10 20:00,11.70101766429676
2025-07-10 21:00,9.858630597403682
2025-07-10 22:00,6.638911842556781
2025-07-10 23:00,6.984837188566263
2025-07-11 00:00,6.195681414275065
2025-07-11 01:00,10.036311250133597
2025-07-11 02:00,9.889031660874252
2025-07-11 03:00,11.961879929827171
2025-07-11 04:00,10.823916172310595
2025-07-11 05:00,13.47563269865137
2025-07-11 06:00,12.955908201604124
2025-07-11 07:00,11.928205207444938
2025-07-11 08:00,12.432938216105248
2025-07-11 09:00,12.664438789744365
2025-07-11 10:00,7.083734959939629
2025-07-11 11:00,4.543513520055415
2025-07-11 12:00,5.569463004507594
2025-07-11 13:00,6.650214606298145
2025-07-11 14:00,6.564962659119394
2025-07-11 15:00,9.097233936656682
2025-07-11 16:00,11.654588114814912
2025-07-11 17:00,12.977676598110385
2025-07-11 18:00,17.711627674226712
2025-07-11 19:00,16.37316602968257
2025-07-11 20:00,13.010249215359533
2025-07-11 21:00,7.070150895987233
2025-07-11 22:00,4.034744438381947
2025-07-11 23:00,4.604433211776085
2025-07-12 00:00,5.601296932913331
2025-07-12 01:00,4.29048797480938
2025-07-12 02:00,1.9655650238259466
2025-07-12 03:00,2.844915131584848
2025-07-12 04:00,5.259826109953254
2025-07-12 05:00,5.30595136534944
2025-07-12 06:00,5.13705023130489
2025-07-12 07:00,2.742108456829241
2025-07-12 08:00,1.9002710985236293
2025-07-12 09:00,1.1502693249716631
2025-07-12 10:00,0.5382595597211179
2025-07-12 11:00,0.7622041795529468
2025-07-12 12:00,0.6341608681520593
2025-07-12 13:00,0.7123158206992231
2025-07-12 14:00,1.202646410540824
2025-07-12 15:00,2.5976728148360113
2025-07-12 16:00,3.1530297308452986
2025-07-12 17:00,3.096132863939904
2025-07-12 18:00,1.374301509354399
2025-07-12 19:00,1.2331787545578237
2025-07-12 20:00,0.9705438741293556
2025-07-12 21:00,0.5166504536290184
2025-07-12 22:00,0.8135389941634097
2025-07-12 23:00,0.7116453625606096
2025-07-13 00:00,1.4145582091594593
2025-07-13 01:00,0.9380352052313856
2025-07-13 02:00,1.112462947910474
2025-07-13 03:00,0.6208300661655881
2025-07-13 04:00,0.41496043928626497
2025-07-13 05:00,0.7207775606608658
2025-07-13 06:00,0.8193838266717872
2025-07-13 07:00,0.5529130286892574
2025-07-13 08:00,0.8221862039901573
2025-07-13 09:00,0.2110771705404701
2025-07-13 10:00,0.16238949590109109
2025-07-13 11:00,0.2467702101737615
2025-07-13 12:00,0.5304738487098732
2025-07-13 13:00,0.23115579182353063
2025-07-13 14:00,0.45912282920301506
2025-07-13 15:00,0.8909119471203253
2025-07-13 16:00,0.578309403618964
2025-07-13 17:00,0.6351188778864716
2025-07-13 18:00,0.3738186603671505
2025-07-13 19:00,0.41198325647971146
2025-07-13 20:00,0.7526743144904351
2025-07-13 21:00,0.7287553034510114
2025-07-13 22:00,2.6799963304418672
2025-07-13 23:00,3.8993702127787877
2025-07-14 00:00,5.944398998151412
2025-07-14 01:00,4.2554064421483915
2025-07-14 02:00,3.2012514969935073
2025-07-14 03:00,2.7901530087493085
2025-07-14 04:00,1.3963374773983281
2025-07-14 05:00,0.8155317915290088
2025-07-14 06:00,0.5805869136602715
2025-07-14 07:00,0.28506676972354333
2025-07-14 08:00,1.3300768896048156
2025-07-14 09:00,1.612229548623508
2025-07-14 10:00,2.284704644168855
2025-07-14 11:00,1.6233284603676936
2025-07-14 12:00,1.6967186703603652
2025-07-14 13:00,2.3982989024775563
2025-07-14 14:00,4.255602471750133
2025-07-14 15:00,7.721099552963295
2025-07-14 16:00,12.013694551677355
2025-07-14 17:00,11.155059498997854
2025-07-14 18:00,20.74668349444959
2025-07-14 19:00,12.005513470728916
2025-07-14 20:00,7.658316526501879
2025-07-14 21:00,14.362494719568746
2025-07-14 22:00,14.700897872527008
2025-07-14 23:00,4.814835737581634
2025-07-15 00:00,2.1675678170821957
2025-07-15 01:00,8.014782385763894
2025-07-15 02:00,16.48324743480398
2025-07-15 03:00,19.035561888625942
2025-07-15 04:00,5.470134053089328
2025-07-15 05:00,4.218251699615363
2025-07-15 06:00,6.708738768925795
2025-07-15 07:00,15.056636186124637
2025-07-15 08:00,15.51678652368363
2025-07-15 09:00,21.41471810804888
2025-07-15 10:00,4.281108791502966
2025-07-15 11:00,5.571708435358807
2025-07-15 12:00,9.278640408660934
2025-07-15 13:00,7.765839205259741
2025-07-15 14:00,5.212808989087319
2025-07-15 15:00,5.3964611532999935
2025-07-15 16:00,6.282508726342794
2025-07-15 17:00,5.163288703636368
2025-07-15 18:00,4.066708132442727
2025-07-15 19:00,2.554556599142008
2025-07-15 20:00,7.530878360763193
2025-07-15 21:00,11.451816868964984
2025-07-15 22:00,14.475901858412465
2025-07-15 23:00,17.755353988156426
2025-07-16 00:00,20.92566266591954
2025-07-16 01:00,23.31338609724059
2025-07-16 02:00,22.488949450871814
2025-07-16 03:00,24.487642554404143
2025-07-16 04:00,20.638634660387517
2025-07-16 05:00,18.232294698919894
2025-07-16 06:00,16.703075185263632
2025-07-16 07:00,20.111588330954746
2025-07-16 08:00,25.821208155907613
2025-07-16 09:00,29.368766006590466
2025-07-16 10:00,32.02867311850366
2025-07-16 11:00,33.24833165607936
2025-07-16 12:00,33.729993105750964
2025-07-16 13:00,28.923998211467623
2025-07-16 14:00,33.54660859437706
2025-07-16 15:00,38.59800097874657
2025-07-16 16:00,39.20164746697998
2025-07-16 17:00,37.600154149578415
2025-07-16 18:00,32.83354361255598
2025-07-16 19:00,33.820596397339465
2025-07-16 20:00,33.31019687185608
2025-07-16 21:00,40.358180954452344
2025-07-16 22:00,43.70888171507597
2025-07-16 23:00,49.05741158644661
2025-07-17 00:00,49.35900997494293
2025-07-17 01:00,49.19144427758685
2025-07-17 02:00,48.29607756563876
2025-07-17 03:00,46.8541125699927
2025-07-17 04:00,45.75265629008133
2025-07-17 05:00,44.235229954884325
2025-07-17 06:00,42.34757582402651
2025-07-17 07:00,38.54049747442669
2025-07-17 08:00,41.142729626903346
2025-07-17 09:00,33.29877291023681
2025-07-17 10:00,24.817508222234853
2025-07-17 11:00,20.857343891750123
2025-07-17 12:00,27.787199836830318
2025-07-17 13:00,25.278154829616042
2025-07-17 14:00,20.699615573774896
2025-07-17 15:00,26.18809373823693
2025-07-17 16:00,33.90308040434547
2025-07-17 17:00,34.244417673043
2025-07-17 18:00,34.951423201183616
2025-07-17 19:00,37.89734289481314
2025-07-17 20:00,40.70067856605421
2025-07-17 21:00,41.134059381586276
2025-07-17 22:00,41.82275984748357
2025-07-17 23:00,40.455653106091226
2025-07-18 00:00,41.66929728257503
2025-07-18 01:00,42.339369613485644
2025-07-18 02:00,45.46410344763624
2025-07-18 03:00,45.39260936035565
2025-07-18 04:00,42.9129989915626
2025-07-18 05:00,42.69353423818992
2025-07-18 06:00,39.635384481362834
2025-07-18 07:00,36.667784459632095
2025-07-18 08:00,36.2029922415358
2025-07-18 09:00,30.17847888763517
2025-07-18 10:00,21.479884208009548
2025-07-18 11:00,13.492963944477284
2025-07-18 12:00,10.500510210561854
2025-07-18 13:00,12.701789362939431
2025-07-18 14:00,14.846178269476987
2025-07-18 15:00,16.80935234196304
2025-07-18 16:00,4.159125708491198
2025-07-18 17:00,5.8334391239103995
2025-07-18 18:00,4.141412841536152
2025-07-18 19:00,5.933980458755668
2025-07-18 20:00,5.609511004560308
2025-07-18 21:00,9.6911861757255
2025-07-18 22:00,10.318279272152889
2025-07-18 23:00,14.457467859892173
2025-07-19 00:00,20.709407836670305
2025-07-19 01:00,29.479496180302586
2025-07-19 02:00,27.95420286115769
2025-07-19 03:00,26.061778107641775
2025-07-19 04:00,32.07274363166029
2025-07-19 05:00,34.743336807848834
2025-07-19 06:00,33.133581025023865
2025-07-19 07:00,32.70676395475685
2025-07-19 08:00,35.696677778838726
2025-07-19 09:00,32.87521501154753
2025-07-19 10:00,27.804224545060233
2025-07-19 11:00,32.1027203509288
2025-07-19 12:00,38.462036200743746
2025-07-19 13:00,40.42250811987245
2025-07-19 14:00,36.371562448548936
2025-07-19 15:00,34.205676254145395
2025-07-19 16:00,35.879861251092
2025-07-19 17:00,36.08171238273897
2025-07-19 18:00,37.90585578924292
2025-07-19 19:00,36.8266710099758
2025-07-19 20:00,28.667652639592415
2025-07-19 21:00,23.59575759705378
2025-07-19 22:00,24.11655921271358
2025-07-19 23:00,22.670101367867385
2025-07-20 00:00,20.01738296935901
2025-07-20 01:00,12.961980036408436
2025-07-20 02:00,12.504724345169754
2025-07-20 03:00,15.563850255372685
2025-07-20 04:00,10.654452789836931
2025-07-20 05:00,12.078443481422049
2025-07-20 06:00,18.78914107957913
2025-07-20 07:00,21.31163858123108
2025-07-20 08:00,27.238503801863207
2025-07-20 09:00,25.64928333721016
2025-07-20 10:00,22.70319899338292
2025-07-20 11:00,23.19155410164859
2025-07-20 12:00,21.122213244940976
2025-07-20 13:00,19.558064801723052
2025-07-20 14:00,17.21190378115607
2025-07-20 15:00,14.724722105626116
2025-07-20 16:00,14.336475034254269
2025-07-20 17:00,16.054598790982396
2025-07-20 18:00,16.19118491156715
2025-07-20 19:00,21.694323295302603
2025-07-20 20:00,13.75099192370323
2025-07-20 21:00,7.984817822601771
2025-07-20 22:00,10.71836605789489
2025-07-20 23:00,17.823033406938215
2025-07-21 00:00,14.136361757439227
2025-07-21 01:00,15.740048838309438
2025-07-21 02:00,17.944015635153125
2025-07-21 03:00,13.724481813196201
2025-07-21 04:00,12.763541731881025
2025-07-21 05:00,10.274429402325275
2025-07-21 06:00,6.771298307938384
2025-07-21 07:00,9.269971753909228
2025-07-21 08:00,15.49438710853516
2025-07-21 09:00,16.107570289985716
2025-07-21 10:00,18.291007352180774
2025-07-21 11:00,23.71685626801513
2025-07-21 12:00,16.457844068586095
2025-07-21 13:00,2.9087903996375934
2025-07-21 14:00,3.4829637661130195
2025-07-21 15:00,5.419034123251852
2025-07-21 16:00,9.735748467106006
2025-07-21 17:00,5.466358080176037
2025-07-21 18:00,2.243553878384291
2025-07-21 19:00,2.7778773690360707
2025-07-21 20:00,4.092594652908822
2025-07-21 21:00,3.4246992003231176
2025-07-21 22:00,5.129510992733098
2025-07-21 23:00,4.145544513500013
2025-07-22 00:00,1.9106851018420654
2025-07-22 01:00,4.2156737480720485
2025-07-22 02:00,3.0805444021814052
2025-07-22 03:00,2.3488030459563545
2025-07-22 04:00,2.0086162220693895
2025-07-22 05:00,2.073705587733665
2025-07-22 06:00,3.0757200614722384
2025-07-22 07:00,2.3647244348002063
2025-07-22 08:00,1.3050216309418445
2025-07-22 09:00,0.7935189056614731
2025-07-22 10:00,0.4787635462393093
2025-07-22 11:00,2.1150669250236818
2025-07-22 12:00,0.8106770121829956
2025-07-22 13:00,1.8441749450502727
2025-07-22 14:00,1.6198069522219782
2025-07-22 15:00,1.609030121794818
2025-07-22 16:00,1.094654010057828
2025-07-22 17:00,0.8535674600354485
2025-07-22 18:00,2.4516618769202365
2025-07-22 19:00,0.15617488981048733
2025-07-22 20:00,0.3284287744364175
2025-07-22 21:00,0.5122615956991909
2025-07-22 22:00,0.7213847960853045
2025-07-22 23:00,0.47524734062670376
2025-07-23 00:00,0.34831023085904533
2025-07-23 01:00,0.4248841224565455
2025-07-23 02:00,0.4801096134288555
2025-07-23 03:00,0.5986465105478638
2025-07-23 04:00,0.5880194184175148
2025-07-23 05:00,0.5161319412899205
2025-07-23 06:00,0.18453281769323227
2025-07-23 07:00,0.224807089037091
2025-07-23 08:00,0.27805149023316683
2025-07-23 09:00,0.2699149510135358
2025-07-23 10:00,0.29591171154420753
2025-07-23 11:00,0.4363885637085454
2025-07-23 12:00,0.39109175038473554
2025-07-23 13:00,0.5845131127069062
2025-07-23 14:00,1.7079172529324842
2025-07-23 15:00,2.6344729523450865
2025-07-23 16:00,2.283171132313355
2025-07-23 17:00,2.9373525229447486
2025-07-23 18:00,1.7499228766798005
2025-07-23 19:00,1.9626146635527495
2025-07-23 20:00,0.41561759485711747
2025-07-23 21:00,0.6271415776368324
2025-07-23 22:00,0.42558120312869263
2025-07-23 23:00,0.5307190413435009
2025-07-24 00:00,0.4242733535406715
2025-07-24 01:00,0.6221658283803602
2025-07-24 02:00,0.37225963720447663
2025-07-24 03:00,0.6507336591998396
2025-07-24 04:00,1.9227422581639635
2025-07-24 05:00,1.8575955373815658
2025-07-24 06:00,1.5077228094345445
2025-07-24 07:00,0.4413448972185603
2025-07-24 08:00,0.33641605710296507
2025-07-24 09:00,0.37633777419915293
2025-07-24 10:00,0.3140034400898978
2025-07-24 11:00,0.4974330066450945
2025-07-24 12:00,0.8232333882425176
2025-07-24 13:00,1.00769059699669
2025-07-24 14:00,1.5877012395571894
2025-07-24 15:00,3.7062090422692133
2025-07-24 16:00,3.7066852209203685
2025-07-24 17:00,3.393290825264958
2025-07-24 18:00,2.9099390754493695
2025-07-24 19:00,1.637775735824955
2025-07-24 20:00,1.7824038364914465
2025-07-24 21:00,1.355212560267617
2025-07-24 22:00,1.2158332722600615
2025-07-24 23:00,0.9632637292606105
2025-07-25 00:00,1.3640788620361914
2025-07-25 01:00,1.199640162300417
2025-07-25 02:00,1.1591719853377607
2025-07-25 03:00,1.3851547781172406
2025-07-25 04:00,2.3960846225126424
2025-07-25 05:00,1.9107092165931956
2025-07-25 06:00,1.921649202337035
2025-07-25 07:00,1.5171087259519644
2025-07-25 08:00,1.1053556849415425
2025-07-25 09:00,1.033558862379427
2025-07-25 10:00,1.0741701193170994
2025-07-25 11:00,0.8222412146305013
2025-07-25 12:00,0.6872136952454254
2025-07-25 13:00,1.2856975133899473
2025-07-25 14:00,1.83018321755497
2025-07-25 15:00,2.8487250921178604
2025-07-25 16:00,8.058838228986467
2025-07-25 17:00,7.650089964590157
2025-07-25 18:00,3.3689986517376282
2025-07-25 19:00,3.3902269361773962
2025-07-25 20:00,1.3743345069238206
2025-07-25 21:00,4.4234124459001345
2025-07-25 22:00,2.304573806590953
2025-07-25 23:00,1.8300728331466964
2025-07-26 00:00,1.4316270372095203
2025-07-26 01:00,2.476793045137389
2025-07-26 02:00,2.531206047880865
2025-07-26 03:00,3.4479119711831197
2025-07-26 04:00,3.314027362929411
2025-07-26 05:00,2.3814869274382136
2025-07-26 06:00,2.241052354002398
2025-07-26 07:00,3.639442573766061
2025-07-26 08:00,8.602872579271223
2025-07-26 09:00,9.204167371738082
2025-07-26 10:00,7.679622367476872
2025-07-26 11:00,7.953220149705626
2025-07-26 12:00,6.6693174572676766
2025-07-26 13:00,6.867426295136678
2025-07-26 14:00,6.630503897273178
2025-07-26 15:00,6.919989900692732
2025-07-26 16:00,9.240972396156458
2025-07-26 17:00,13.748362268346574
2025-07-26 18:00,9.44724115216996
2025-07-26 19:00,12.936736278468619
2025-07-26 20:00,17.026752998108122
2025-07-26 21:00,15.761834406473417
2025-07-26 22:00,7.229212300676043
2025-07-26 23:00,3.626515146943822
2025-07-27 00:00,6.403294991473101
2025-07-27 01:00,4.918209849261213
2025-07-27 02:00,3.26997184012202
2025-07-27 03:00,4.44471776483494
2025-07-27 04:00,5.717166886818713
2025-07-27 05:00,4.817524244679181
2025-07-27 06:00,3.329424066543773
2025-07-27 07:00,2.7320926841077173
2025-07-27 08:00,4.774177178842874
2025-07-27 09:00,5.231440968607311
2025-07-27 10:00,3.5652108012624137
2025-07-27 11:00,2.111587926836899
2025-07-27 12:00,2.4809756315505855
2025-07-27 13:00,3.425577092248928
2025-07-27 14:00,2.265668957534931
2025-07-27 15:00,2.1584151545962653
2025-07-27 16:00,2.769173292253771
2025-07-27 17:00,7.401746532647828
2025-07-27 18:00,3.3444596663948576
2025-07-27 19:00,2.6935780541922965
2025-07-27 20:00,1.7631770893911511
2025-07-27 21:00,0.8941330411098168
2025-07-27 22:00,0.628901459587667
2025-07-27 23:00,0.4819758391896738
2025-07-28 00:00,0.8164175598909655
2025-07-28 01:00,0.37656937290681497
2025-07-28 02:00,1.250607697791295
2025-07-28 03:00,1.046908141309967
2025-07-28 04:00,0.9784098902112226
2025-07-28 05:00,0.6549295855592098
2025-07-28 06:00,0.35245003415690157
2025-07-28 07:00,0.2026859064581472
2025-07-28 08:00,0.2509413476982052
2025-07-28 09:00,0.446897509516963
2025-07-28 10:00,0.5136432202821916
2025-07-28 11:00,0.36675037275155753
2025-07-28 12:00,1.1831750212366303
2025-07-28 13:00,1.9459558437838749
2025-07-28 14:00,3.419388755071995
2025-07-28 15:00,5.2626642972613356
2025-07-28 16:00,2.905498042836232
2025-07-28 17:00,2.3921635257077565
2025-07-28 18:00,1.6026237343394951
2025-07-28 19:00,1.1783920455915362
2025-07-28 20:00,1.006805801122446
2025-07-28 21:00,1.2385517188006394
2025-07-28 22:00,0.6915472230353512
2025-07-28 23:00,0.48929667566903223
2025-07-29 00:00,0.4903164359200607
2025-07-29 01:00,0.5958379872888628
2025-07-29 02:00,0.8098719540648058
2025-07-29 03:00,1.0369341995856973
2025-07-29 04:00,1.2735141699723715
2025-07-29 05:00,1.647975645692811
2025-07-29 06:00,1.233810650856078
2025-07-29 07:00,1.0729194660345118
2025-07-29 08:00,0.31788479038751283
2025-07-29 09:00,0.481975179098016
2025-07-29 10:00,0.4156188650691317
2025-07-29 11:00,0.37363244679816776
2025-07-29 12:00,0.3194714213128626
2025-07-29 13:00,0.820504895310168
2025-07-29 14:00,2.389901234748712
2025-07-29 15:00,3.5311718468302162
2025-07-29 16:00,4.231012885926781
2025-07-29 17:00,2.3360442809632187
2025-07-29 18:00,1.1145706783731337
2025-07-29 19:00,0.9884063665923364
2025-07-29 20:00,0.9501228489399365
2025-07-29 21:00,0.5956043912111435
2025-07-29 22:00,0.8754527296910228
2025-07-29 23:00,0.814119036622837
2025-07-30 00:00,0.5320196208143105
2025-07-30 01:00,0.42654291470179684
2025-07-30 02:00,0.3276338753763296
2025-07-30 03:00,0.6421404838272835
2025-07-30 04:00,1.78517841879256
2025-07-30 05:00,2.1114319488890003
2025-07-30 06:00,1.001017196464618
2025-07-30 07:00,0.3466100792124697
2025-07-30 08:00,0.27357213310185735
2025-07-30 09:00,0.3403035644662253
2025-07-30 10:00,0.280875370028843
2025-07-30 11:00,0.5388358673085885
2025-07-30 12:00,1.0881503876375347
2025-07-30 13:00,1.4688618582664208
2025-07-30 14:00,3.4178199295868197
2025-07-30 15:00,3.5596426084249657
2025-07-30 16:00,8.032420201354057
2025-07-30 17:00,7.310731892928638
2025-07-30 18:00,8.023055721667337
2025-07-30 19:00,12.059563042679308
2025-07-30 20:00,12.759823724852785
2025-07-30 21:00,11.28340653004984
2025-07-30 22:00,9.497206547098596
2025-07-30 23:00,11.19485133900877
2025-07-31 00:00,12.508197267208185
2025-07-31 01:00,10.767266246354689
2025-07-31 02:00,5.055742510439664
2025-07-31 03:00,2.510248699531023
2025-07-31 04:00,1.481747884307783
2025-07-31 05:00,0.8613439062092716
2025-07-31 06:00,0.8698813923796715
2025-07-31 07:00,0.46796450143206414
2025-07-31 08:00,0.323716496726962
2025-07-31 09:00,0.40904259848788355
2025-07-31 10:00,0.9826312804029798
2025-07-31 11:00,0.8065759936017431
2025-07-31 12:00,0.8811018823049415
2025-07-31 13:00,0.7960398732031332
2025-07-31 14:00,2.252041907504658
2025-07-31 15:00,5.437573137483582
2025-07-31 16:00,6.04856339818605
2025-07-31 17:00,4.977399508691394
2025-07-31 18:00,5.869927231395599
2025-07-31 19:00,2.0891501000587294
2025-07-31 20:00,1.735666390717928
2025-07-31 21:00,0.33466234248073806
2025-07-31 22:00,0.9430880880439554
2025-07-31 23:00,0.91838626498456
2025-08-01 00:00,0.16093302160533318
2025-08-01 01:00,0.6928536361782833
2025-08-01 02:00,0.5262573139925133
2025-08-01 03:00,0.7047232659291243
2025-08-01 04:00,0.23262831546953322
2025-08-01 05:00,0.4432781312183556
2025-08-01 06:00,0.2811191236113485
2025-08-01 07:00,0.11821770594144858
2025-08-01 08:00,0.023313213384075028
2025-08-01 09:00,0.0954798935210883
2025-08-01 10:00,0.051375702808696855
2025-08-01 11:00,0.028380885681704757
2025-08-01 12:00,0.1206831424203184
2025-08-01 13:00,0.4867746065096179
2025-08-01 14:00,1.0882519760908331
2025-08-01 15:00,1.8019542369578705
2025-08-01 16:00,2.501387016673725
2025-08-01 17:00,2.408263619061395
2025-08-01 18:00,2.530619484777578
2025-08-01 19:00,0.5505832975103878
2025-08-01 20:00,0.2826297554152759
2025-08-01 21:00,0.24368756238911643
2025-08-01 22:00,0.35952582999751104
2025-08-01 23:00,0.7383113331113837
2025-08-02 00:00,0.2932828385656798
2025-08-02 01:00,0.3781875739035867
2025-08-02 02:00,0.4134919294792497
2025-08-02 03:00,0.33810762776165626
2025-08-02 04:00,0.33469481461166584
2025-08-02 05:00,0.41379834146023065
2025-08-02 06:00,0.3294862591128321
2025-08-02 07:00,0.038128023152232154
2025-08-02 08:00,0.057085774294669045
2025-08-02 09:00,0.14071816501179363
2025-08-02 10:00,0.23110891348666873
2025-08-02 11:00,0.2856939893010466
2025-08-02 12:00,0.33805271677478804
2025-08-02 13:00,0.6146280019016912
2025-08-02 14:00,1.2787129016376562
2025-08-02 15:00,2.0716922410367262
2025-08-02 16:00,2.1474163439178615
2025-08-02 17:00,2.099711506781878
2025-08-02 18:00,1.2494163313450484
2025-08-02 19:00,0.8003124694554803
2025-08-02 20:00,0.18961959894851677
2025-08-02 21:00,0.24797062347902304
2025-08-02 22:00,0.536594888771518
2025-08-02 23:00,0.18364202224511617
2025-08-03 00:00,0.09836375615040974
2025-08-03 01:00,0.11972793416822587
2025-08-03 02:00,0.14411744588708925
2025-08-03 03:00,0.18127853739240982
2025-08-03 04:00,0.17530789041587552
2025-08-03 05:00,0.45199359584535487
2025-08-03 06:00,0.5912496867238268
2025-08-03 07:00,0.062006492130977184
2025-08-03 08:00,0.0686943955353206
2025-08-03 09:00,0.07938742672480723
2025-08-03 10:00,0.08268274950247953
2025-08-03 11:00,0.281228836893635
2025-08-03 12:00,0.9912072422637794
2025-08-03 13:00,1.486580298221706
2025-08-03 14:00,2.2305701299108827
2025-08-03 15:00,2.492118498520131
2025-08-03 16:00,1.2883655123935123
2025-08-03 17:00,1.2981734553199267
2025-08-03 18:00,0.4810493899511933
2025-08-03 19:00,0.18576061073379332
2025-08-03 20:00,0.2851923234002443
2025-08-03 21:00,3.095947381271344
2025-08-03 22:00,9.27091569834774
2025-08-03 23:00,23.21367778888872
2025-08-04 00:00,36.39951651045676
2025-08-04 01:00,37.63043592103161
2025-08-04 02:00,39.41527811881412
2025-08-04 03:00,37.783452751903084
2025-08-04 04:00,34.59091760308811
2025-08-04 05:00,29.79696325968703
2025-08-04 06:00,28.714454149805658
2025-08-04 07:00,30.464139423914737
2025-08-04 08:00,27.65836728666298
2025-08-04 09:00,27.745437387538914
2025-08-04 10:00,24.882145996324986
2025-08-04 11:00,20.602691310482474
2025-08-04 12:00,21.07958380363955
2025-08-04 13:00,24.470863217441508
2025-08-04 14:00,27.89415829075845
2025-08-04 15:00,28.848707117176698
2025-08-04 16:00,26.573760431913275
2025-08-04 17:00,25.435261373316155
2025-08-04 18:00,25.274637808479188
2025-08-04 19:00,25.290590203628025
2025-08-04 20:00,28.412377201952538
2025-08-04 21:00,28.75626555547155
2025-08-04 22:00,30.352339098153223
2025-08-04 23:00,12.301167383422888
2025-08-05 00:00,1.1889570966575536
2025-08-05 01:00,0.22653745876465284
2025-08-05 02:00,0.3841352367235328
2025-08-05 03:00,0.39811243855913936
2025-08-05 04:00,0.6801289381991773
2025-08-05 05:00,0.8288801732455376
2025-08-05 06:00,0.97529342686972
2025-08-05 07:00,0.8715092298280608
2025-08-05 08:00,0.4654761470392914
2025-08-05 09:00,0.25656008771327954
2025-08-05 10:00,0.14226696859081076
2025-08-05 11:00,1.6431806270217995
2025-08-05 12:00,2.9435278572740735
2025-08-05 13:00,5.578413616749493
2025-08-05 14:00,9.643379918956608
2025-08-05 15:00,15.0896089890139
2025-08-05 16:00,20.588151149880396
2025-08-05 17:00,22.287104050981146
2025-08-05 18:00,18.70112593157036
2025-08-05 19:00,27.026816010979143
2025-08-05 20:00,29.628787749736556
2025-08-05 21:00,34.327080612331706
2025-08-05 22:00,38.37398233939019
2025-08-05 23:00,37.995810168647246
2025-08-06 00:00,38.339056820798696
2025-08-06 01:00,36.99439183483056
2025-08-06 02:00,34.17610832870627
2025-08-06 03:00,29.549944885724052
2025-08-06 04:00,26.980301180484346
2025-08-06 05:00,22.57537591726744
2025-08-06 06:00,28.91678787133418
2025-08-06 07:00,29.381057544355972
2025-08-06 08:00,31.354910848125705
2025-08-06 09:00,31.590267116114052
2025-08-06 10:00,30.781478982462367
2025-08-06 11:00,28.746980749276084
2025-08-06 12:00,32.204345931179354
2025-08-06 13:00,34.53441891060375
2025-08-06 14:00,33.90487256679092
2025-08-06 15:00,31.93502866408792
2025-08-06 16:00,28.718374176198193
2025-08-06 17:00,31.495501264996854
2025-08-06 18:00,26.57022936481123
2025-08-06 19:00,27.237644915247916
2025-08-06 20:00,21.385496186033933
2025-08-06 21:00,15.961332493942653
2025-08-06 22:00,13.320120823173765
2025-08-06 23:00,9.450957669148847
2025-08-07 00:00,5.399585085828901
2025-08-07 01:00,4.5229553122471655
2025-08-07 02:00,3.0873745952232166
2025-08-07 03:00,2.830782816395457
2025-08-07 04:00,3.2833535199645185
2025-08-07 05:00,2.302718838317124
2025-08-07 06:00,1.3942557143684393
2025-08-07 07:00,1.8049154435188242
2025-08-07 08:00,1.068191280238054
2025-08-07 09:00,1.0808822997553202
2025-08-07 10:00,3.2447867988568437
2025-08-07 11:00,3.6539434379619857
2025-08-07 12:00,6.047466479478546
2025-08-07 13:00,4.280147318339459
2025-08-07 14:00,3.1475323343082877
2025-08-07 15:00,2.9736941159036414
2025-08-07 16:00,3.3175436461644985
2025-08-07 17:00,2.387924055649262
2025-08-07 18:00,1.281542161052045
2025-08-07 19:00,1.1500090793846716
2025-08-07 20:00,2.2344202583839916
2025-08-07 21:00,0.6163295295820409
2025-08-07 22:00,1.0636031563429034
2025-08-07 23:00,1.6738853654160006
2025-08-08 00:00,1.1571293254927517
2025-08-08 01:00,1.811193985953555
2025-08-08 02:00,1.9930719596040023
2025-08-08 03:00,1.2644310680623267
2025-08-08 04:00,1.3838260364113963
2025-08-08 05:00,1.4411628062469035
2025-08-08 06:00,1.0552893913114314
2025-08-08 07:00,0.09845116583374525
2025-08-08 08:00,0.02633042338143509
2025-08-08 09:00,0.10809214569164668
2025-08-08 10:00,0.02277633688280818
2025-08-08 11:00,0.06461725367210726
2025-08-08 12:00,0.05351382058356109
2025-08-08 13:00,0.15260681416139152
2025-08-08 14:00,0.579939292200297
2025-08-08 15:00,1.1782225637471901
2025-08-08 16:00,1.1161480414907314
2025-08-08 17:00,1.5522859966010587
2025-08-08 18:00,0.5105603719148947
2025-08-08 19:00,0.233275672960523
2025-08-08 20:00,0.25826290813584646
2025-08-08 21:00,0.046345043227868706
2025-08-08 22:00,0.05183898108933198
2025-08-08 23:00,0.2092376887832289
2025-08-09 00:00,0.566029931331163
2025-08-09 01:00,0.26127453487454155
2025-08-09 02:00,0.3960285129998369
2025-08-09 03:00,0.635685846787371
2025-08-09 04:00,1.1085440046280943
2025-08-09 05:00,1.502314162562961
2025-08-09 06:00,1.206216726029589
2025-08-09 07:00,0.635513205096205
2025-08-09 08:00,0.6725229315574472
2025-08-09 09:00,0.6712146255064605
2025-08-09 10:00,0.49478334999672946
2025-08-09 11:00,0.7974498087154471
2025-08-09 12:00,1.309405560398645
2025-08-09 13:00,0.5888918482589276
2025-08-09 14:00,4.035944201132566
2025-08-09 15:00,22.3435866851697
2025-08-09 16:00,25.933531711334396
2025-08-09 17:00,36.159913531663605
2025-08-09 18:00,33.00557261309926
2025-08-09 19:00,24.581065734342012
2025-08-09 20:00,13.264933885826496
2025-08-09 21:00,10.71796031410009
2025-08-09 22:00,14.043558715126263
2025-08-09 23:00,13.626471633597633
2025-08-10 00:00,19.004531360284982
2025-08-10 01:00,17.563921945350366
2025-08-10 02:00,31.414963876484943
2025-08-10 03:00,27.186568356701287
2025-08-10 04:00,34.63673949858234
2025-08-10 05:00,37.94954830507916
2025-08-10 06:00,37.23096331018204
2025-08-10 07:00,33.36215660463942
2025-08-10 08:00,32.51704026764351
2025-08-10 09:00,34.210958477097016
2025-08-10 10:00,31.21530372607862
2025-08-10 11:00,26.733161706776972
2025-08-10 12:00,22.128819920867866
2025-08-10 13:00,20.747842958912486
2025-08-10 14:00,18.357956617002394
2025-08-10 15:00,18.412579768165447
2025-08-10 16:00,17.141918505407432
2025-08-10 17:00,18.434861638436928
2025-08-10 18:00,7.545122486794501
2025-08-10 19:00,8.192945708581597
2025-08-10 20:00,2.13969673100929
2025-08-10 21:00,1.633099168452484
2025-08-10 22:00,0.788712310545596
2025-08-10 23:00,0.4867368233309136
2025-08-11 00:00,0.517543149729052
2025-08-11 01:00,0.2481634403939621
2025-08-11 02:00,0.6122093666457313
2025-08-11 03:00,0.6573930699324608
2025-08-11 04:00,0.5413915252295646
2025-08-11 05:00,0.48785732713551544
2025-08-11 06:00,0.7744113878643863
2025-08-11 07:00,0.9828008525828824
2025-08-11 08:00,0.4794485596721121
2025-08-11 09:00,0.13240395421224005
2025-08-11 10:00,0.09218798749884824
2025-08-11 11:00,0.3456027146192365
2025-08-11 12:00,3.0112596784832952
2025-08-11 13:00,2.478851553918259
2025-08-11 14:00,6.438481761394339
2025-08-11 15:00,14.96347538537217
2025-08-11 16:00,17.97223099287465
2025-08-11 17:00,8.82997564726151
2025-08-11 18:00,6.662014963307552
2025-08-11 19:00,4.981209302368047
2025-08-11 20:00,3.7288650091534503
2025-08-11 21:00,2.6135988643955517
2025-08-11 22:00,3.1494838019822415
2025-08-11 23:00,2.8921230351209233
2025-08-12 00:00,0.6628573430943263
2025-08-12 01:00,0.20225723315579397
2025-08-12 02:00,0.6090167949119566
2025-08-12 03:00,0.6204054380666332
2025-08-12 04:00,0.47631565203203996
2025-08-12 05:00,0.5624688386957597
2025-08-12 06:00,0.5625836359690085
2025-08-12 07:00,0.8488033743964062
2025-08-12 08:00,1.512438081865309
2025-08-12 09:00,5.50742428445927
2025-08-12 10:00,11.516230749475449
2025-08-12 11:00,15.732254390334223
2025-08-12 12:00,11.424512227653024
2025-08-12 13:00,5.622663815958323
2025-08-12 14:00,10.959136324329409
2025-08-12 15:00,11.974851675847638
2025-08-12 16:00,10.357158811132026
2025-08-12 17:00,15.018555072331623
2025-08-12 18:00,17.686388766875822
2025-08-12 19:00,20.14542461353113
2025-08-12 20:00,10.589712039195257
2025-08-12 21:00,9.920650992483578
2025-08-12 22:00,7.71559275596408
2025-08-12 23:00,12.219579142082107
2025-08-13 00:00,12.795108042025154
2025-08-13 01:00,22.436992919499733
2025-08-13 02:00,18.70741581204956
2025-08-13 03:00,17.918150998128517
2025-08-13 04:00,12.988972586929567
2025-08-13 05:00,20.347665746262678
2025-08-13 06:00,28.38523925335094
2025-08-13 07:00,34.22028837658297
2025-08-13 08:00,33.30720797619505
2025-08-13 09:00,33.35180233744927
2025-08-13 10:00,33.13094014309337
2025-08-13 11:00,37.45140957572383
2025-08-13 12:00,38.28165898630865
2025-08-13 13:00,38.163853634948744
2025-08-13 14:00,36.01708351795742
2025-08-13 15:00,34.37782066911238
2025-08-13 16:00,35.30420544716081
2025-08-13 17:00,32.7715204351053
2025-08-13 18:00,27.215252042898044
2025-08-13 19:00,28.19818588211157
2025-08-13 20:00,22.492683754900764
2025-08-13 21:00,22.942393022214198
2025-08-13 22:00,18.655950709632314
2025-08-13 23:00,22.7202582901035
2025-08-14 00:00,20.509482810452596
2025-08-14 01:00,19.930246411947483
2025-08-14 02:00,15.9188811185595
2025-08-14 03:00,13.247130940973477
2025-08-14 04:00,12.102019790486459
2025-08-14 05:00,10.586400908409358
2025-08-14 06:00,8.470017508886293
2025-08-14 07:00,10.905865807094857
2025-08-14 08:00,11.040190768004411
2025-08-14 09:00,11.28919830158519
2025-08-14 10:00,9.095639128135659
2025-08-14 11:00,9.890852512955947
2025-08-14 12:00,8.685134408068926
2025-08-14 13:00,7.478650445295348
2025-08-14 14:00,5.017280635675101
2025-08-14 15:00,6.010296775036248
2025-08-14 16:00,5.604234816022597
2025-08-14 17:00,5.111808511363385
2025-08-14 18:00,8.2194849926781
2025-08-14 19:00,2.8240736173809844
2025-08-14 20:00,1.5286276085234205
2025-08-14 21:00,1.144053981741228
2025-08-14 22:00,1.8546741237244944
2025-08-14 23:00,2.6660274583714965
2025-08-15 00:00,0.21537796451129793
2025-08-15 01:00,0.3768733441012935
2025-08-15 02:00,1.0198216833457803
2025-08-15 03:00,0.8480845638794992
2025-08-15 04:00,1.4303195544835334
2025-08-15 05:00,2.7001000490533484
2025-08-15 06:00,2.0115481547957446
2025-08-15 07:00,0.6463139094087252
2025-08-15 08:00,0.08966051583022079
2025-08-15 09:00,0.11444863460672733
2025-08-15 10:00,0.11839490088866692
2025-08-15 11:00,0.19517236398233132
2025-08-15 12:00,0.8793023163484524
2025-08-15 13:00,1.2183747941424028
2025-08-15 14:00,1.5261586333718091
2025-08-15 15:00,1.4070564259944567
2025-08-15 16:00,1.700929927020659
2025-08-15 17:00,3.060785882328649
2025-08-15 18:00,1.8431971514154322
2025-08-15 19:00,1.8682825189503451
2025-08-15 20:00,0.3493587290465699
2025-08-15 21:00,0.28755754602804495
2025-08-15 22:00,0.29983780005061716
2025-08-15 23:00,0.12136737081512747
2025-08-16 00:00,0.30677345245275617
2025-08-16 01:00,0.4780972411706397
2025-08-16 02:00,0.4279408012055327
2025-08-16 03:00,0.2756443196015397
2025-08-16 04:00,0.5029585489681603
2025-08-16 05:00,0.4475057588626855
2025-08-16 06:00,0.45982177887648923
2025-08-16 07:00,0.25265858093031535
2025-08-16 08:00,0.06728204861299394
2025-08-16 09:00,0.1361362433769871
2025-08-16 10:00,0.06411936186064622
2025-08-16 11:00,0.037748612453471206
2025-08-16 12:00,0.11799890109772335
2025-08-16 13:00,0.47593310732302496
2025-08-16 14:00,1.5464708830671894
2025-08-16 15:00,2.5105186116034184
2025-08-16 16:00,1.392670929934138
2025-08-16 17:00,1.085268174554029
2025-08-16 18:00,0.5294068318884259
2025-08-16 19:00,0.4381241505018733
2025-08-16 20:00,0.6207707763285414
2025-08-16 21:00,0.3151182290700964
2025-08-16 22:00,0.8640910371167951
2025-08-16 23:00,1.3443239137597236
2025-08-17 00:00,1.390457296880879
2025-08-17 01:00,0.8118495570487725
2025-08-17 02:00,1.2698100706502575
2025-08-17 03:00,1.4753602926045686
2025-08-17 04:00,1.043591480033522
2025-08-17 05:00,1.889603598215433
2025-08-17 06:00,4.10972963109724
2025-08-17 07:00,1.6090436697272963
2025-08-17 08:00,1.2618451216504407
2025-08-17 09:00,0.17382680832275585
2025-08-17 10:00,0.06712259343981103
2025-08-17 11:00,0.05628690137244872
2025-08-17 12:00,0.1164079362394019
2025-08-17 13:00,0.641903283932607
2025-08-17 14:00,0.6945025168349495
2025-08-17 15:00,1.3259720145613656
2025-08-17 16:00,1.743261421590793
2025-08-17 17:00,1.2461320176795587
2025-08-17 18:00,1.0990301877766848
2025-08-17 19:00,0.18388569302627625
2025-08-17 20:00,0.38650419251417384
2025-08-17 21:00,0.2308607771763279
2025-08-17 22:00,0.3184009458954393
2025-08-17 23:00,0.11435064584608963
2025-08-18 00:00,0.26904461232129556
2025-08-18 01:00,0.6811341365116966
2025-08-18 02:00,1.1329453462247858
2025-08-18 03:00,4.387042689553544
2025-08-18 04:00,1.4129796137562165
2025-08-18 05:00,2.0983515240163486
2025-08-18 06:00,1.3669941560873209
2025-08-18 07:00,0.739141471446614
2025-08-18 08:00,0.8272335731172604
2025-08-18 09:00,0.8296801180774661
2025-08-18 10:00,0.18421705621831824
2025-08-18 11:00,0.012086424601205452
2025-08-18 12:00,0.08334734179999576
2025-08-18 13:00,0.1634021177420512
2025-08-18 14:00,0.8604696215989793
2025-08-18 15:00,1.4947086102538176
2025-08-18 16:00,2.00760614613873
2025-08-18 17:00,1.504135194063044
2025-08-18 18:00,1.2919318410307183
2025-08-18 19:00,0.5596219122701247
2025-08-18 20:00,0.23050838896270964
2025-08-18 21:00,0.21526668140768354
2025-08-18 22:00,0.4014456781299775
2025-08-18 23:00,3.0123434707951877
2025-08-19 00:00,4.284995011362243
2025-08-19 01:00,6.898538546329187
2025-08-19 02:00,8.558773540105996
2025-08-19 03:00,8.541901416775557
2025-08-19 04:00,7.171001036515725
2025-08-19 05:00,6.172509581550874
2025-08-19 06:00,6.560233870940932
2025-08-19 07:00,5.0359447223281695
2025-08-19 08:00,7.06999573959423
2025-08-19 09:00,5.304436518506411
2025-08-19 10:00,4.521542439773917
2025-08-19 11:00,3.539298107761703
2025-08-19 12:00,3.171110909287544
2025-08-19 13:00,4.348189073723406
2025-08-19 14:00,4.826186241301951
2025-08-19 15:00,5.163122382625834
2025-08-19 16:00,5.727113230958292
2025-08-19 17:00,7.119515140786326
2025-08-19 18:00,3.897179699605071
2025-08-19 19:00,4.853388404924301
2025-08-19 20:00,4.6211959070340605
2025-08-19 21:00,2.619152925892696
2025-08-19 22:00,0.5180533322807099
2025-08-19 23:00,1.0792824855857561
2025-08-20 00:00,3.5831069851940143
2025-08-20 01:00,2.84827217232547
2025-08-20 02:00,4.122955760443715
2025-08-20 03:00,4.947733288483741
2025-08-20 04:00,5.459766679826335
2025-08-20 05:00,6.693818478138756
2025-08-20 06:00,7.371966990557013
2025-08-20 07:00,9.96123043414492
2025-08-20 08:00,9.716372883392633
2025-08-20 09:00,6.391546506976682
2025-08-20 10:00,4.720696398373092
2025-08-20 11:00,2.304833993391817
2025-08-20 12:00,5.228858417247101
2025-08-20 13:00,4.065271969508353
2025-08-20 14:00,3.7599334042200665
2025-08-20 15:00,3.0356336256095604
2025-08-20 16:00,2.7507572023913656
2025-08-20 17:00,3.0368777373634486
2025-08-20 18:00,1.6778269367697907
2025-08-20 19:00,0.32908281789493454
2025-08-20 20:00,0.16192726233756327
2025-08-20 21:00,0.1267880620906135
2025-08-20 22:00,0.04565375457494928
2025-08-20 23:00,0.013855668204906668
2025-08-21 00:00,0.032321688272104014
2025-08-21 01:00,0.1335875226230607
2025-08-21 02:00,0.5736622404122954
2025-08-21 03:00,1.1503557591420455
2025-08-21 04:00,0.8272551911874504
2025-08-21 05:00,0.582013923334351
2025-08-21 06:00,0.36737039004292776
2025-08-21 07:00,0.04184212132565979
2025-08-21 08:00,0.3256602878815145
2025-08-21 09:00,1.1900510841266956
2025-08-21 10:00,0.7726953612485139
2025-08-21 11:00,0.11627370981544385
2025-08-21 12:00,0.05257147391319874
2025-08-21 13:00,0.38936149584298757
2025-08-21 14:00,0.752338349048285
2025-08-21 15:00,1.5611604670893915
2025-08-21 16:00,3.142440439460198
2025-08-21 17:00,1.9401769679120648
2025-08-21 18:00,2.617745660751425
2025-08-21 19:00,0.3544264824192664
2025-08-21 20:00,0.17756986208214
2025-08-21 21:00,0.23915201854856272
2025-08-21 22:00,0.23832416232966375
2025-08-21 23:00,0.11952772055228335
2025-08-22 00:00,0.4677507178296833
2025-08-22 01:00,0.7219690821207306
2025-08-22 02:00,0.6376791050324939
2025-08-22 03:00,0.4385629636521531
2025-08-22 04:00,0.27951117450707696
2025-08-22 05:00,0.5745163704932192
2025-08-22 06:00,0.17230690748150945
2025-08-22 07:00,0.1751596526441253
2025-08-22 08:00,0.14692094207183368
2025-08-22 09:00,0.02012972672198034
2025-08-22 10:00,0.16596314451114502
2025-08-22 11:00,0.15318750417275806
2025-08-22 12:00,0.3694539467037824
2025-08-22 13:00,0.6753056990518619
2025-08-22 14:00,0.6483410772898304
2025-08-22 15:00,0.9893610585627179
2025-08-22 16:00,1.0169378674239145
2025-08-22 17:00,1.2917709429797042
2025-08-22 18:00,0.81228630639733
2025-08-22 19:00,0.08783314876882643
2025-08-22 20:00,0.41455448474330037
2025-08-22 21:00,0.5285581056189065
2025-08-22 22:00,0.1766121000356683
2025-08-22 23:00,0.03924003936703126
2025-08-23 00:00,0.05208569188363932
2025-08-23 01:00,0.06866608025973117
2025-08-23 02:00,0.05560110977137517
2025-08-23 03:00,0.055290144083628937
2025-08-23 04:00,0.09600151176127758
2025-08-23 05:00,0.2042895826823502
2025-08-23 06:00,0.4110391285543795
2025-08-23 07:00,0.022207202637593175
2025-08-23 08:00,0.009920618648290436
2025-08-23 09:00,0.032131365444211725
2025-08-23 10:00,0.07245446872123738
2025-08-23 11:00,0.048968073961542014
2025-08-23 12:00,0.12065077466839513
2025-08-23 13:00,0.39622538701748894
2025-08-23 14:00,0.8191247238853936
2025-08-23 15:00,0.9607877007580887
2025-08-23 16:00,1.0442981872593655
2025-08-23 17:00,0.9986272451678397
2025-08-23 18:00,0.7892427303029361
2025-08-23 19:00,0.6910143916271869
2025-08-23 20:00,0.4521131988797925
2025-08-23 21:00,0.09502564392452091
2025-08-23 22:00,0.07788702806353556
2025-08-23 23:00,0.03998145271056716
2025-08-24 00:00,0.0038269339937119923
2025-08-24 01:00,0.02162719294013586
2025-08-24 02:00,0.04909812333579592
2025-08-24 03:00,0.10075243475480462
2025-08-24 04:00,0.024783997469039892
2025-08-24 05:00,0.4702344711497337
2025-08-24 06:00,0.7117833308112739
2025-08-24 07:00,0.1213563193632017
2025-08-24 08:00,0.07228863645868902
2025-08-24 09:00,0.05153473400107347
2025-08-24 10:00,0.14454053653050616
2025-08-24 11:00,0.5799897667815244
2025-08-24 12:00,1.5581495423209804
2025-08-24 13:00,3.2191707789600845
2025-08-24 14:00,4.829913018518071
2025-08-24 15:00,3.9121603228727895
2025-08-24 16:00,2.871062849841942
2025-08-24 17:00,1.5300365685702333
2025-08-24 18:00,1.0564585533162172
2025-08-24 19:00,0.6756525589946505
2025-08-24 20:00,0.23152146425641912
2025-08-24 21:00,0.2004416864775082
2025-08-24 22:00,0.08722414225085426
2025-08-24 23:00,0.12996301125806284
2025-08-25 00:00,0.49123966385450824
2025-08-25 01:00,1.1380974132907737
2025-08-25 02:00,2.8284592634044117
2025-08-25 03:00,1.7944421616606208
2025-08-25 04:00,2.84689442971699
2025-08-25 05:00,2.3281284241776246
2025-08-25 06:00,5.67484831594666
2025-08-25 07:00,5.6583718694744
2025-08-25 08:00,7.018171839188928
2025-08-25 09:00,5.8762218073975
2025-08-25 10:00,5.6053191860995755
2025-08-25 11:00,3.871842642682507
2025-08-25 12:00,1.6087770045701475
2025-08-25 13:00,7.846894975176659
2025-08-25 14:00,12.518465705593215
2025-08-25 15:00,7.476532114799871
2025-08-25 16:00,11.29830187018372
2025-08-25 17:00,14.972350873857149
2025-08-25 18:00,16.262627802502703
2025-08-25 19:00,15.55497370771048
2025-08-25 20:00,19.07646567564885
2025-08-25 21:00,22.19316433671321
2025-08-25 22:00,23.319053873965906
2025-08-25 23:00,19.42701362809596
2025-08-26 00:00,22.664432197413475
2025-08-26 01:00,26.375327399304577
2025-08-26 02:00,28.425420729474737
2025-08-26 03:00,31.926233752985745
2025-08-26 04:00,34.59046542160138
2025-08-26 05:00,36.742655685688945
2025-08-26 06:00,37.34088087930196
2025-08-26 07:00,33.167673708489986
2025-08-26 08:00,28.479455972789317
2025-08-26 09:00,27.052880133766106
2025-08-26 10:00,34.827400412704996
2025-08-26 11:00,30.863470337489556
2025-08-26 12:00,12.560286316230977
2025-08-26 13:00,7.327289271971125
2025-08-26 14:00,4.246290483827027
2025-08-26 15:00,4.189666116113419
2025-08-26 16:00,2.996388607777501
2025-08-26 17:00,2.72569396257344
2025-08-26 18:00,1.9183337901868631
2025-08-26 19:00,2.751073859495112
2025-08-26 20:00,4.906266667791042
2025-08-26 21:00,3.455529704229259
2025-08-26 22:00,0.42114521779132985
2025-08-26 23:00,0.5060617751530229
2025-08-27 00:00,0.48045648850127953
2025-08-27 01:00,0.5540063518530108
2025-08-27 02:00,1.0178609160069148
2025-08-27 03:00,1.3979124476748228
2025-08-27 04:00,1.3520024659024457
2025-08-27 05:00,1.5691622227240898
2025-08-27 06:00,1.6430435742648495
2025-08-27 07:00,0.35439927012564043
2025-08-27 08:00,0.2513289846141939
2025-08-27 09:00,0.18837463501021218
2025-08-27 10:00,0.0423824952819431
2025-08-27 11:00,0.2888857502186417
2025-08-27 12:00,0.23962827727669206
2025-08-27 13:00,0.4196821967775749
2025-08-27 14:00,0.37921490520951695
2025-08-27 15:00,0.6091692758463922
2025-08-27 16:00,0.5302215962761734
2025-08-27 17:00,0.5932611519147373
2025-08-27 18:00,0.14823088798905762
2025-08-27 19:00,0.24545722534040698
2025-08-27 20:00,0.5326101907838717
2025-08-27 21:00,0.22431587358066166
2025-08-27 22:00,0.40823955846327387
2025-08-27 23:00,0.2748229677712505
2025-08-28 00:00,0.5473789426004293
2025-08-28 01:00,1.6519401499165642
2025-08-28 02:00,4.125045152340487
2025-08-28 03:00,6.498635660894994
2025-08-28 04:00,7.440017097916126
2025-08-28 05:00,7.85882704614429
2025-08-28 06:00,7.874170772921439
2025-08-28 07:00,4.387883988164426
2025-08-28 08:00,4.274772155541465
2025-08-28 09:00,5.742684519630269
2025-08-28 10:00,7.787064482395786
2025-08-28 11:00,11.520536216139366
2025-08-28 12:00,10.9466314491834
2025-08-28 13:00,5.733676164403772
2025-08-28 14:00,8.498271147813222
2025-08-28 15:00,6.32819246290013
2025-08-28 16:00,7.626567972819623
2025-08-28 17:00,7.325984742408011
2025-08-28 18:00,8.62089162013774
2025-08-28 19:00,4.768304074458566
2025-08-28 20:00,2.349575330166717
2025-08-28 21:00,1.6617035121415067
2025-08-28 22:00,4.321689020628958
2025-08-28 23:00,5.985692729255832
2025-08-29 00:00,8.627661942325096
2025-08-29 01:00,8.546542248642343
2025-08-29 02:00,8.316724971285538
2025-08-29 03:00,8.720902276837236
2025-08-29 04:00,8.360799993537805
2025-08-29 05:00,8.764554861924228
2025-08-29 06:00,8.173042812494273
2025-08-29 07:00,6.438240226438307
2025-08-29 08:00,5.250592367375739
2025-08-29 09:00,5.44100852746775
2025-08-29 10:00,2.9609805720127143
2025-08-29 11:00,2.4717623251809373
2025-08-29 12:00,3.37521806901205
2025-08-29 13:00,4.065572148581106
2025-08-29 14:00,2.593344352756692
2025-08-29 15:00,6.7208615284612465
2025-08-29 16:00,2.8186385839486796
2025-08-29 17:00,3.219374683352245
2025-08-29 18:00,2.5628392969409775
2025-08-29 19:00,1.1105250699866758
2025-08-29 20:00,0.5417965278626995
2025-08-29 21:00,0.18576506063176867
2025-08-29 22:00,0.3535901463291876
2025-08-29 23:00,0.5518929257671429
2025-08-30 00:00,1.055833067552338
2025-08-30 01:00,1.7988363212668164
2025-08-30 02:00,0.6037211506850201
2025-08-30 03:00,0.8256655869903298
2025-08-30 04:00,1.8217195634533159
2025-08-30 05:00,3.0490092717643495
2025-08-30 06:00,5.093917830373632
2025-08-30 07:00,2.0659800089288356
2025-08-30 08:00,0.23630724361485594
2025-08-30 09:00,0.03134525061269147
2025-08-30 10:00,0.012888203521257241
2025-08-30 11:00,0.09028112877407783
2025-08-30 12:00,0.15143364293587194
2025-08-30 13:00,0.45572835350240326
2025-08-30 14:00,1.3276617068111842
2025-08-30 15:00,1.420954230962231
2025-08-30 16:00,1.7124320749162032
2025-08-30 17:00,1.7618182397568214
2025-08-30 18:00,0.9087446120104419
2025-08-30 19:00,0.19835084125897465
2025-08-30 20:00,0.2846162371037567
2025-08-30 21:00,0.07025718730998766
2025-08-30 22:00,0.017037045408320687
2025-08-30 23:00,0.008929273935261942
2025-08-31 00:00,0.0046026455382328505
2025-08-31 01:00,0.018964330030564747
2025-08-31 02:00,0.041470749523497254
2025-08-31 03:00,0.0984229593282087
2025-08-31 04:00,0.2496597455446507
2025-08-31 05:00,0.7019890259224277
2025-08-31 06:00,1.8444173271569175
2025-08-31 07:00,1.126349089112154
2025-08-31 08:00,2.279685751607018
2025-08-31 09:00,3.001687890134043
2025-08-31 10:00,4.1705680618058265
2025-08-31 11:00,7.144725631049007
2025-08-31 12:00,7.326455071378298
2025-08-31 13:00,4.836215584236031
2025-08-31 14:00,6.0492067539273835
2025-08-31 15:00,14.283093586375678
2025-08-31 16:00,9.982033941737198
2025-08-31 17:00,12.05860982792508
2025-08-31 18:00,6.118390043869586
2025-08-31 19:00,5.698911725884129
2025-08-31 20:00,6.762232876014336
2025-08-31 21:00,11.330190824492231
2025-08-31 22:00,21.218876687283604
2025-08-31 23:00,18.448275821261632
2025-09-01 00:00,13.601243919535044
2025-09-01 01:00,12.45733898698637
2025-09-01 02:00,12.192744328291798
2025-09-01 03:00,9.348896145748004
2025-09-01 04:00,13.931770643217853
2025-09-01 05:00,17.47602362571114
2025-09-01 06:00,17.228278664296056
2025-09-01 07:00,19.298105972240354
2025-09-01 08:00,22.480465501838644
2025-09-01 09:00,23.59947434151491
2025-09-01 10:00,23.37205847669715
2025-09-01 11:00,27.67624560412876
2025-09-01 12:00,29.48806234601072
2025-09-01 13:00,36.00898081433833
2025-09-01 14:00,35.572942110112194
2025-09-01 15:00,38.37530888102852
2025-09-01 16:00,39.569164722453074
2025-09-01 17:00,29.80921254114008
2025-09-01 18:00,24.805463553358365
2025-09-01 19:00,23.53599445050187
2025-09-01 20:00,16.77812411292942
2025-09-01 21:00,14.058932500124262
2025-09-01 22:00,4.8297867668766115
2025-09-01 23:00,2.746761743687408
2025-09-02 00:00,2.6167835674708226
2025-09-02 01:00,1.4418554164781634
2025-09-02 02:00,2.091192917251539
2025-09-02 03:00,3.542272062863237
2025-09-02 04:00,3.7595489924086065
2025-09-02 05:00,2.5576706124349067
2025-09-02 06:00,1.7405185614081256
2025-09-02 07:00,0.5363521282777642
2025-09-02 08:00,0.4967400299399113
2025-09-02 09:00,0.15472172583866306
2025-09-02 10:00,0.1321660467908787
2025-09-02 11:00,0.11631184934426729
2025-09-02 12:00,0.1643832382586857
2025-09-02 13:00,1.105520386104268
2025-09-02 14:00,1.1933650891841037
2025-09-02 15:00,0.6898071256493197
2025-09-02 16:00,0.34867252744811467
2025-09-02 17:00,0.3008042409748003
2025-09-02 18:00,0.3123637054370496
2025-09-02 19:00,0.26285112694475965
2025-09-02 20:00,0.1662586047750143
2025-09-02 21:00,0.028679884666350408
2025-09-02 22:00,0.22634486628881922
2025-09-02 23:00,0.293150765164468
2025-09-03 00:00,0.47769707136854334
2025-09-03 01:00,0.5386420630342896
2025-09-03 02:00,0.45308513884423746
2025-09-03 03:00,0.7783947470765589
2025-09-03 04:00,1.0444039411142065
2025-09-03 05:00,0.9848263933889206
2025-09-03 06:00,1.2096605318544182
2025-09-03 07:00,0.36466644529432296
2025-09-03 08:00,0.12340159908095263
2025-09-03 09:00,0.008324090018549703
2025-09-03 10:00,0.012215420830784366
2025-09-03 11:00,0.05572306102521242
2025-09-03 12:00,0.076352051620828
2025-09-03 13:00,0.1166044616056614
2025-09-03 14:00,0.2730728046574692
2025-09-03 15:00,1.2297703000534788
2025-09-03 16:00,1.4830966186443018
2025-09-03 17:00,1.3968135919194389
2025-09-03 18:00,1.1421518376556123
2025-09-03 19:00,0.5413638315319039
2025-09-03 20:00,0.35043926031603795
2025-09-03 21:00,0.7819840969831475
2025-09-03 22:00,4.251797864865189
2025-09-03 23:00,3.1619444406702013
2025-09-04 00:00,0.10097915071966504
2025-09-04 01:00,0.05857209367394501
2025-09-04 02:00,0.2539114654778893
2025-09-04 03:00,1.598593504654045
2025-09-04 04:00,1.7433319095949078
2025-09-04 05:00,0.7954134559766427
2025-09-04 06:00,2.392222536517811
2025-09-04 07:00,2.504219343387501
2025-09-04 08:00,0.999077981755847
2025-09-04 09:00,0.5746396178926235
2025-09-04 10:00,0.41200130680707037
2025-09-04 11:00,1.272897995872221
2025-09-04 12:00,1.8832654940872564
2025-09-04 13:00,3.3617100834395406
2025-09-04 14:00,7.266155114656593
2025-09-04 15:00,11.126746391868917
2025-09-04 16:00,11.214312937907254
2025-09-04 17:00,8.96958780211782
2025-09-04 18:00,6.553117346746664
2025-09-04 19:00,6.244504012950899
2025-09-04 20:00,3.5305416978152353
2025-09-04 21:00,2.996916681684243
2025-09-04 22:00,3.261389056935616
2025-09-04 23:00,3.4831361936252536
2025-09-05 00:00,1.3362004717174514
2025-09-05 01:00,0.9931891684959155
2025-09-05 02:00,1.3547859585667148
2025-09-05 03:00,0.9337226738943497
2025-09-05 04:00,1.0882323645085867
2025-09-05 05:00,1.2792218782755604
2025-09-05 06:00,1.1010895339144078
2025-09-05 07:00,0.9292264431301649
2025-09-05 08:00,0.754284747399371
2025-09-05 09:00,0.25031537483786526
2025-09-05 10:00,0.07004889972214998
2025-09-05 11:00,0.09269451388410462
2025-09-05 12:00,0.3073030447473073
2025-09-05 13:00,0.6554800742750627
2025-09-05 14:00,2.9196782296798993
2025-09-05 15:00,3.4960341891518936
2025-09-05 16:00,2.8657221232000425
2025-09-05 17:00,1.6690750832887935
2025-09-05 18:00,0.2988162823904148
2025-09-05 19:00,0.1532485024436358
2025-09-05 20:00,0.14031948934748112
2025-09-05 21:00,0.20799241811612557
2025-09-05 22:00,0.8524275550238206
2025-09-05 23:00,3.5178385600802753
2025-09-06 00:00,10.633553283810274
2025-09-06 01:00,11.982987135909037
2025-09-06 02:00,14.521000535745799
2025-09-06 03:00,16.12939075441095
2025-09-06 04:00,12.8896658241785
2025-09-06 05:00,12.18751627491649
2025-09-06 06:00,11.847466760944178
2025-09-06 07:00,22.04227984147794
2025-09-06 08:00,28.14064105760405
2025-09-06 09:00,27.420723911350795
2025-09-06 10:00,22.940205379571307
2025-09-06 11:00,23.78792867362431
2025-09-06 12:00,26.603721063538682
2025-09-06 13:00,26.087294146330407
2025-09-06 14:00,25.57303325137582
2025-09-06 15:00,23.291252423592503
2025-09-06 16:00,27.665725336067446
2025-09-06 17:00,24.06958565069461
2025-09-06 18:00,20.190749839129257
2025-09-06 19:00,30.546347665509906
2025-09-06 20:00,32.439264643925505
2025-09-06 21:00,29.395981754788394
2025-09-06 22:00,27.161557495032827
2025-09-06 23:00,24.76778556009046
2025-09-07 00:00,36.901267094213935
2025-09-07 01:00,34.51339438288132
2025-09-07 02:00,34.2990965546952
2025-09-07 03:00,31.768781273690173
2025-09-07 04:00,31.774611417994173
2025-09-07 05:00,13.152935618793226
2025-09-07 06:00,15.342373940769285
2025-09-07 07:00,5.902307762859428
2025-09-07 08:00,9.319751141229395
2025-09-07 09:00,4.011392079431519
2025-09-07 10:00,1.4439386726290544
2025-09-07 11:00,0.845970594129809
2025-09-07 12:00,0.39834115315080465
2025-09-07 13:00,0.2800683289928302
2025-09-07 14:00,0.8658731826804653
2025-09-07 15:00,1.8474399138367668
2025-09-07 16:00,1.9740424515173778
2025-09-07 17:00,2.717331890144554
2025-09-07 18:00,0.8670212188067612
2025-09-07 19:00,0.9148982727343246
2025-09-07 20:00,1.0560219877850034
2025-09-07 21:00,1.571078109841431
2025-09-07 22:00,0.9678188253301749
2025-09-07 23:00,0.6473855033377984
2025-09-08 00:00,0.7732775231432326
2025-09-08 01:00,1.1367306648567452
2025-09-08 02:00,0.8363835991352222
2025-09-08 03:00,0.7184212367927267
2025-09-08 04:00,0.4909486737483076
2025-09-08 05:00,0.27277098001965056
2025-09-08 06:00,0.43499885157849827
2025-09-08 07:00,0.7533848952395765
2025-09-08 08:00,0.42067741361090116
2025-09-08 09:00,0.6522664215464545
2025-09-08 10:00,0.2674981557707254
2025-09-08 11:00,0.1279958476675824
2025-09-08 12:00,0.4153866198356121
2025-09-08 13:00,1.4837670947838144
2025-09-08 14:00,3.0815881779814798
2025-09-08 15:00,3.625394385303977
2025-09-08 16:00,0.21029412115173557
2025-09-08 17:00,0.35862435522476344
2025-09-08 18:00,0.4385808423155312
2025-09-08 19:00,0.4894859398804069
2025-09-08 20:00,0.409127319813106
2025-09-08 21:00,0.645543250300447
2025-09-08 22:00,0.43813172858516203
2025-09-08 23:00,0.8235081426184274
2025-09-09 00:00,1.7303671528087015
2025-09-09 01:00,1.7433004277603943
2025-09-09 02:00,2.923702605827082
2025-09-09 03:00,2.1118154462910517
2025-09-09 04:00,1.6932797240550497
2025-09-09 05:00,1.741604441244828
2025-09-09 06:00,1.9818151535997632
2025-09-09 07:00,2.066308654428895
2025-09-09 08:00,0.8987364183086346
2025-09-09 09:00,2.6337338493101248
2025-09-09 10:00,6.120947972215104
2025-09-09 11:00,18.08969037518742
2025-09-09 12:00,15.83302307963353
2025-09-09 13:00,8.71244417452424
2025-09-09 14:00,9.340044554573428
2025-09-09 15:00,22.3460259684825
2025-09-09 16:00,24.70820342101391
2025-09-09 17:00,19.16348047602452
2025-09-09 18:00,16.159714767497405
2025-09-09 19:00,6.698202708522843
2025-09-09 20:00,2.822064132076543
2025-09-09 21:00,0.3011790546454811
2025-09-09 22:00,0.5525907599605061
2025-09-09 23:00,0.38138157570899367
2025-09-10 00:00,0.376942985633702
2025-09-10 01:00,0.6792521092665683
2025-09-10 02:00,0.7154162595570525
2025-09-10 03:00,1.4616765841415722
2025-09-10 04:00,2.541622284363167
2025-09-10 05:00,5.8845068551222885
2025-09-10 06:00,2.9887433062364934
2025-09-10 07:00,3.1192752179581245
2025-09-10 08:00,5.458752526819396
2025-09-10 09:00,8.490783599352087
2025-09-10 10:00,8.39156394847054
2025-09-10 11:00,10.066429007789282
2025-09-10 12:00,10.363442541120193
2025-09-10 13:00,10.31880268673711
2025-09-10 14:00,7.966585445474591
2025-09-10 15:00,8.99890856300951
2025-09-10 16:00,10.007606367969936
2025-09-10 17:00,9.395305519367614
2025-09-10 18:00,9.481709674150384
2025-09-10 19:00,9.706923364310272
2025-09-10 20:00,8.788128646727355
2025-09-10 21:00,8.050418386271556
2025-09-10 22:00,6.028959596374614
2025-09-10 23:00,4.9135532479449635
2025-09-11 00:00,2.2633193811047088
2025-09-11 01:00,1.0526053178938908
2025-09-11 02:00,1.3063187952346202
2025-09-11 03:00,1.565898853068827
2025-09-11 04:00,2.6927495460518984
2025-09-11 05:00,2.0898230142863135
2025-09-11 06:00,2.6312187236360107
2025-09-11 07:00,3.2264327489604896
2025-09-11 08:00,3.742573310516713
2025-09-11 09:00,4.292861465027723
2025-09-11 10:00,4.133994618463183
2025-09-11 11:00,5.057273570893503
2025-09-11 12:00,3.578454120431136
2025-09-11 13:00,1.5125214906352928
2025-09-11 14:00,0.5139192597694494
2025-09-11 15:00,0.8834866868585542
2025-09-11 16:00,2.4294960310280223
2025-09-11 17:00,3.830492020612422
2025-09-11 18:00,5.01607612298335
2025-09-11 19:00,8.255349407052176
2025-09-11 20:00,6.553342671603403
2025-09-11 21:00,5.238176082716454
2025-09-11 22:00,4.152135968923678
2025-09-11 23:00,2.1747371823814534
2025-09-12 00:00,1.883221191284881
2025-09-12 01:00,2.6135021385237045
2025-09-12 02:00,2.833656959428269
2025-09-12 03:00,3.0086893265138333
2025-09-12 04:00,3.150207500278505
2025-09-12 05:00,4.237133261280181
2025-09-12 06:00,5.821594202380561
2025-09-12 07:00,5.185105512396811
2025-09-12 08:00,3.1768504115091223
2025-09-12 09:00,2.8045449722208318
2025-09-12 10:00,2.593322450202378
2025-09-12 11:00,3.200917585460657
2025-09-12 12:00,3.9087490645660585
2025-09-12 13:00,2.7469489824473707
2025-09-12 14:00,1.9768315054689412
2025-09-12 15:00,2.153389030225074
2025-09-12 16:00,7.936970295536325
2025-09-12 17:00,10.61681207412393
2025-09-12 18:00,9.23479911014141
2025-09-12 19:00,7.146674397563562
2025-09-12 20:00,1.816042494122018
2025-09-12 21:00,2.079654885871637
2025-09-12 22:00,3.089956889323017
2025-09-12 23:00,15.420608654311577
2025-09-13 00:00,30.022816507598172
2025-09-13 01:00,40.68933942257484
2025-09-13 02:00,46.38707321952025
2025-09-13 03:00,50.86923192493948
2025-09-13 04:00,50.33008916765583
2025-09-13 05:00,46.62837529013971
2025-09-13 06:00,44.72022863053583
2025-09-13 07:00,47.42794377609342
2025-09-13 08:00,45.531365439486216
2025-09-13 09:00,43.415043087576045
2025-09-13 10:00,37.970214985735986
2025-09-13 11:00,32.41814755994303
2025-09-13 12:00,33.75196640349837
2025-09-13 13:00,23.378378163090655
2025-09-13 14:00,10.957325424043075
2025-09-13 15:00,7.234371077905099
2025-09-13 16:00,6.165201839110367
2025-09-13 17:00,3.118317583518231
2025-09-13 18:00,1.4131914892525834
2025-09-13 19:00,0.7188807649730321
2025-09-13 20:00,0.454843562399304
2025-09-13 21:00,0.37403349725448237
2025-09-13 22:00,1.0237519937535642
2025-09-13 23:00,1.398774641213196
2025-09-14 00:00,1.1156342748641164
2025-09-14 01:00,1.3309296042134497
2025-09-14 02:00,1.0639897996550955
2025-09-14 03:00,1.723625124229039
2025-09-14 04:00,2.8821783914692976
2025-09-14 05:00,2.0846587908907948
2025-09-14 06:00,1.9960717463332331
2025-09-14 07:00,2.090103377062794
2025-09-14 08:00,1.9131639099288682
2025-09-14 09:00,0.5867549087799765
2025-09-14 10:00,0.12126214690862097
2025-09-14 11:00,0.08218676717069262
2025-09-14 12:00,0.2236693058187249
2025-09-14 13:00,0.5415829343666342
2025-09-14 14:00,1.0176642402915603
2025-09-14 15:00,0.7526685358687053
2025-09-14 16:00,0.3551970883437883
2025-09-14 17:00,0.1459170027446728
2025-09-14 18:00,0.04358466270798025
2025-09-14 19:00,0.5153945976177976
2025-09-14 20:00,0.7434264731366381
2025-09-14 21:00,0.9848479106366173
2025-09-14 22:00,0.8817437841237996
2025-09-14 23:00,1.3167811889785843
2025-09-15 00:00,0.8309749987591349
2025-09-15 01:00,0.9045041362007247
2025-09-15 02:00,0.7180744596840393
2025-09-15 03:00,1.7007930986348674
2025-09-15 04:00,2.404567314401377
2025-09-15 05:00,1.8285823328117243
2025-09-15 06:00,1.3227212323282775
2025-09-15 07:00,0.8908212621394229
2025-09-15 08:00,0.4317912492117295
2025-09-15 09:00,0.783896519410126
2025-09-15 10:00,0.508774999197989
2025-09-15 11:00,0.10922935533485748
2025-09-15 12:00,0.021486520697383726
2025-09-15 13:00,0.04229736879446299
2025-09-15 14:00,0.09921779757026858
2025-09-15 15:00,0.09218005895820897
2025-09-15 16:00,0.019399261931122652
2025-09-15 17:00,0.024687978272493798
2025-09-15 18:00,0.0730051279935809
2025-09-15 19:00,0.28704027102052765
2025-09-15 20:00,0.3549886684183213
2025-09-15 21:00,1.2511722841447044
2025-09-15 22:00,0.9130507007017135
2025-09-15 23:00,1.335246690526615
2025-09-16 00:00,0.9350262852428982
2025-09-16 01:00,1.3625986670414447
2025-09-16 02:00,1.2035910180300198
2025-09-16 03:00,1.2328305796768046
2025-09-16 04:00,0.4787028917918279
2025-09-16 05:00,0.6413268141293129
2025-09-16 06:00,0.499552012163333
2025-09-16 07:00,0.46454436142042643
2025-09-16 08:00,0.2064140857015876
2025-09-16 09:00,0.033164788807172184
2025-09-16 10:00,0.33313610339681377
2025-09-16 11:00,2.487442324150052
2025-09-16 12:00,6.727291121796039
2025-09-16 13:00,7.81323644979935
2025-09-16 14:00,9.571149134527898
2025-09-16 15:00,14.867482277932588
2025-09-16 16:00,16.183231534956363
2025-09-16 17:00,18.73852715261601
2025-09-16 18:00,22.233660510166068
2025-09-16 19:00,23.99810716901967
2025-09-16 20:00,25.33215473301486
2025-09-16 21:00,25.080358075288615
2025-09-16 22:00,25.711343816402376
2025-09-16 23:00,35.432116004597226
2025-09-17 00:00,33.50587332272106
2025-09-17 01:00,32.36482305792172
2025-09-17 02:00,33.64077848103115
2025-09-17 03:00,28.641021526529563
2025-09-17 04:00,31.07425682484563
2025-09-17 05:00,29.62444610552054
2025-09-17 06:00,26.47911946453547
2025-09-17 07:00,31.723565649114967
2025-09-17 08:00,29.343124875482147
2025-09-17 09:00,29.074359952850003
2025-09-17 10:00,26.440852256510695
2025-09-17 11:00,26.270814499552372
2025-09-17 12:00,17.86015854933295
2025-09-17 13:00,10.330564070349014
2025-09-17 14:00,16.73677151598864
2025-09-17 15:00,15.671232060796179
2025-09-17 16:00,17.626122493081866
2025-09-17 17:00,13.860167230191273
2025-09-17 18:00,15.288113617433847
2025-09-17 19:00,20.9799980561056
2025-09-17 20:00,26.55695494331629
2025-09-17 21:00,24.321434579421513
2025-09-17 22:00,22.52836081992507
2025-09-17 23:00,13.403756685405916
2025-09-18 00:00,9.035095175067694
2025-09-18 01:00,7.465848973514443
2025-09-18 02:00,7.677702622914388
2025-09-18 03:00,9.768472631249525
2025-09-18 04:00,14.343634056277137
2025-09-18 05:00,12.683699024469592
2025-09-18 06:00,12.194342185822885
2025-09-18 07:00,9.837040023973323
2025-09-18 08:00,7.585460130219342
2025-09-18 09:00,5.105837355092314
2025-09-18 10:00,1.902331410049002
2025-09-18 11:00,0.9400148570433271
2025-09-18 12:00,0.8020024731995257
2025-09-18 13:00,1.24220860372439
2025-09-18 14:00,0.9992945505951197
2025-09-18 15:00,1.0017903093644378
2025-09-18 16:00,0.7939801905608002
2025-09-18 17:00,0.5686043411893311
2025-09-18 18:00,0.6242635413663756
2025-09-18 19:00,0.9380805913855629
2025-09-18 20:00,0.9605359521423555
2025-09-18 21:00,0.8409058833835327
2025-09-18 22:00,1.3620459506348195
2025-09-18 23:00,1.2323665460094881
2025-09-19 00:00,2.2731773586236113
2025-09-19 01:00,2.195177027022866
2025-09-19 02:00,1.8559745779393526
2025-09-19 03:00,3.3904397638365924
2025-09-19 04:00,3.280561537711287
2025-09-19 05:00,1.6509210466719084
2025-09-19 06:00,1.1216790549591669
2025-09-19 07:00,1.2375693364972207
2025-09-19 08:00,1.6698013697097989
2025-09-19 09:00,2.804229161810639
2025-09-19 10:00,3.5200088192375203
2025-09-19 11:00,3.946602682894574
2025-09-19 12:00,5.7898797367936705
2025-09-19 13:00,5.473516611583056
2025-09-19 14:00,3.8492129770605477
2025-09-19 15:00,2.11017149555811
2025-09-19 16:00,3.209808440123569
2025-09-19 17:00,5.393286343818593
2025-09-19 18:00,8.438939953583315
2025-09-19 19:00,10.242411159159403
2025-09-19 20:00,10.286003011621174
2025-09-19 21:00,10.41613658969098
2025-09-19 22:00,15.125299649295922
2025-09-19 23:00,27.403377496723014
2025-09-20 00:00,39.33751414655514
2025-09-20 01:00,43.02910701814046
2025-09-20 02:00,48.34080356487011
2025-09-20 03:00,53.03328789734308
2025-09-20 04:00,50.30794360462565
2025-09-20 05:00,41.96928917154842
2025-09-20 06:00,17.163429751805037
2025-09-20 07:00,12.310535607479741
2025-09-20 08:00,16.00002597368563
2025-09-20 09:00,21.460561748834564
2025-09-20 10:00,27.65558514225809
2025-09-20 11:00,25.092407181998787
2025-09-20 12:00,20.860379049412476
2025-09-20 13:00,15.115028668459589
2025-09-20 14:00,17.64302595609285
2025-09-20 15:00,18.213995249883403
2025-09-20 16:00,34.0865649479938
2025-09-20 17:00,33.08695331649163
2025-09-20 18:00,32.786479275357955
2025-09-20 19:00,29.024648172658743
2025-09-20 20:00,24.21315402692711
2025-09-20 21:00,10.539571963512072
2025-09-20 22:00,7.180392237819243
2025-09-20 23:00,2.9530088393032674
2025-09-21 00:00,1.6406239072443498
2025-09-21 01:00,2.127082624240341
2025-09-21 02:00,3.3871488313494256
2025-09-21 03:00,4.604428354983522
2025-09-21 04:00,3.6158851320555265
2025-09-21 05:00,4.840134295147072
2025-09-21 06:00,5.874688614819749
2025-09-21 07:00,5.621208619594664
2025-09-21 08:00,5.760801670265142
2025-09-21 09:00,7.292403873504558
2025-09-21 10:00,4.6392843970339674
2025-09-21 11:00,5.522634960542025
2025-09-21 12:00,7.594375883356726
2025-09-21 13:00,10.973847595870488
2025-09-21 14:00,18.06998639051717
2025-09-21 15:00,19.841416361606917
2025-09-21 16:00,23.876128506694343
2025-09-21 17:00,25.319728314405186
2025-09-21 18:00,22.835751409525862
2025-09-21 19:00,21.487281644980936
2025-09-21 20:00,19.17821921988485
2025-09-21 21:00,11.306162091789531
2025-09-21 22:00,11.132972453305293
2025-09-21 23:00,6.9150137380589225
2025-09-22 00:00,6.881627626568757
2025-09-22 01:00,6.494135729712835
2025-09-22 02:00,8.132926528271845
2025-09-22 03:00,9.192270972133512
2025-09-22 04:00,9.832323293540394
2025-09-22 05:00,7.5801126165016095
2025-09-22 06:00,4.282737537261415
2025-09-22 07:00,4.692471282445077
2025-09-22 08:00,4.440674019131347
2025-09-22 09:00,3.804903916283595
2025-09-22 10:00,3.516864619864602
2025-09-22 11:00,4.001425014359487
2025-09-22 12:00,3.9672478398402804
2025-09-22 13:00,2.498548486085866
2025-09-22 14:00,2.0327879085996017
2025-09-22 15:00,3.480890052614056
2025-09-22 16:00,5.091173030681588
2025-09-22 17:00,6.70196157402172
2025-09-22 18:00,4.405880771895093
2025-09-22 19:00,4.974324520423487
2025-09-22 20:00,4.161750307247953
2025-09-22 21:00,4.5014159721101406
2025-09-22 22:00,4.799540594131475
2025-09-22 23:00,3.20930372173839
2025-09-23 00:00,2.3922055773261035
2025-09-23 01:00,2.944779081751791
2025-09-23 02:00,4.3824044853888475
2025-09-23 03:00,6.306014691663806
2025-09-23 04:00,4.988162319351146
2025-09-23 05:00,3.911051304574524
2025-09-23 06:00,1.981686447889537
2025-09-23 07:00,2.5388466876801186
2025-09-23 08:00,3.6839062568594074
2025-09-23 09:00,4.53717172865447
2025-09-23 10:00,4.583457094370642
2025-09-23 11:00,3.7247943939291526
2025-09-23 12:00,3.58216802175243
2025-09-23 13:00,5.121806850092825
2025-09-23 14:00,8.401256698716075
2025-09-23 15:00,9.289136377847926
2025-09-23 16:00,8.805829997463697
2025-09-23 17:00,8.429809222263142
2025-09-23 18:00,6.2021434606128025
2025-09-23 19:00,5.199439585608644
2025-09-23 20:00,5.042551255431355
2025-09-23 21:00,4.600471837264777
2025-09-23 22:00,7.904072512539802
2025-09-23 23:00,6.181993779614737
2025-09-24 00:00,4.158001379212632
2025-09-24 01:00,4.75723511487932
2025-09-24 02:00,8.599915279264945
2025-09-24 03:00,12.376248460543128
2025-09-24 04:00,14.36888443185434
2025-09-24 05:00,15.115621426843822
2025-09-24 06:00,13.961488027389194
2025-09-24 07:00,11.308252374490827
2025-09-24 08:00,6.445151525248974
2025-09-24 09:00,9.04676481091068
2025-09-24 10:00,16.202125633537857
2025-09-24 11:00,26.06100839361636
2025-09-24 12:00,33.00628036672302
2025-09-24 13:00,33.94133804421027
2025-09-24 14:00,27.754179383983736
2025-09-24 15:00,32.32130545040408
2025-09-24 16:00,30.190371850608134
2025-09-24 17:00,18.471638037787343
2025-09-24 18:00,21.991656038913597
2025-09-24 19:00,20.62386020601823
2025-09-24 20:00,26.570716570810582
2025-09-24 21:00,16.202234896033023
2025-09-24 22:00,5.839506887224823
2025-09-24 23:00,3.935927768015489
2025-09-25 00:00,4.283044017858985
2025-09-25 01:00,5.59864834062337
2025-09-25 02:00,6.066340434365583
2025-09-25 03:00,4.954491304810934
2025-09-25 04:00,3.4700508997243587
2025-09-25 05:00,4.179180061350652
2025-09-25 06:00,16.15374133253154
2025-09-25 07:00,23.888287035732606
2025-09-25 08:00,28.887593739089496
2025-09-25 09:00,23.192449235301588
2025-09-25 10:00,16.146280728249476
2025-09-25 11:00,7.64271868877965
2025-09-25 12:00,5.361986622511981
2025-09-25 13:00,2.6309321019692384
2025-09-25 14:00,0.5029627737988972
2025-09-25 15:00,0.5977580466096926
2025-09-25 16:00,1.255046022170102
2025-09-25 17:00,1.0766781136866386
2025-09-25 18:00,0.800661479005051
2025-09-25 19:00,1.8747293024887735
2025-09-25 20:00,2.3621413581270594
2025-09-25 21:00,1.1206628868579331
2025-09-25 22:00,1.716034329181681
2025-09-25 23:00,2.1268338546811156
2025-09-26 00:00,2.6214945156076452
2025-09-26 01:00,1.9681054992720644
2025-09-26 02:00,8.828609833854577
2025-09-26 03:00,12.600807506234455
2025-09-26 04:00,10.086859769351447
2025-09-26 05:00,13.430403247333114
2025-09-26 06:00,17.682065242875645
2025-09-26 07:00,11.850741244314017
2025-09-26 08:00,9.108334319921013
2025-09-26 09:00,4.041676991153648
2025-09-26 10:00,2.176364725178879
2025-09-26 11:00,0.7014200621100358
2025-09-26 12:00,1.0880514609856116
2025-09-26 13:00,2.552785690902373
2025-09-26 14:00,3.6944637013483597
2025-09-26 15:00,8.346074154033893
2025-09-26 16:00,9.124203155801558
2025-09-26 17:00,7.781998233496789
2025-09-26 18:00,8.713125204678708
2025-09-26 19:00,4.410688322366953
2025-09-26 20:00,7.713803201816152
2025-09-26 21:00,5.35625543535516
2025-09-26 22:00,1.924658913644837
2025-09-26 23:00,1.3552467694409345
2025-09-27 00:00,1.1520302263878361
2025-09-27 01:00,1.1201406602073212
2025-09-27 02:00,1.6368582528281628
2025-09-27 03:00,2.136185342299791
2025-09-27 04:00,2.476209594444529
2025-09-27 05:00,1.4785601607827017
2025-09-27 06:00,1.1788302861935298
2025-09-27 07:00,1.253366828168031
2025-09-27 08:00,0.9437078753318306
2025-09-27 09:00,0.7512039501186716
2025-09-27 10:00,1.7652941026815083
2025-09-27 11:00,1.1296344778684702
2025-09-27 12:00,0.7866238212770318
2025-09-27 13:00,0.9626419657863674
2025-09-27 14:00,5.339862439042587
2025-09-27 15:00,5.594105777454553
2025-09-27 16:00,6.680297702195852
2025-09-27 17:00,5.791506294820632
2025-09-27 18:00,0.5756977932086111
2025-09-27 19:00,0.3036531517296991
2025-09-27 20:00,0.06963052135257569
2025-09-27 21:00,0.03127503755485954
2025-09-27 22:00,0.21628941314308864
2025-09-27 23:00,0.3476239622351545
2025-09-28 00:00,0.4344447220376142
2025-09-28 01:00,0.9618642012146579
2025-09-28 02:00,0.7361049229750654
2025-09-28 03:00,1.0797375886560117
2025-09-28 04:00,3.4737385934524165
2025-09-28 05:00,7.546449970678469
2025-09-28 06:00,11.138985007081445
2025-09-28 07:00,15.992843592585224
2025-09-28 08:00,27.795921353084815
2025-09-28 09:00,38.51945866346801
2025-09-28 10:00,32.15857901870839
2025-09-28 11:00,34.401909940951214
2025-09-28 12:00,30.61914696906303
2025-09-28 13:00,26.835614819370065
2025-09-28 14:00,13.592526117343281
2025-09-28 15:00,12.873335087352492
2025-09-28 16:00,9.301510225807117
2025-09-28 17:00,8.355587222963548
2025-09-28 18:00,5.495743260459871
2025-09-28 19:00,5.167299352330321
2025-09-28 20:00,5.64841139732535
2025-09-28 21:00,8.028006921147604
2025-09-28 22:00,11.684430169837476
2025-09-28 23:00,5.983021669447897
2025-09-29 00:00,0.8605815259575422
2025-09-29 01:00,0.4568501343736606
2025-09-29 02:00,1.3338292023593445
2025-09-29 03:00,5.75402174083836
2025-09-29 04:00,6.215560154051368
2025-09-29 05:00,10.28318712028129
2025-09-29 06:00,8.149085579620916
2025-09-29 07:00,9.272542825483168
2025-09-29 08:00,8.54403403229241
2025-09-29 09:00,7.488393188189946
2025-09-29 10:00,4.225442520218804
2025-09-29 11:00,2.4511599521123424
2025-09-29 12:00,0.38695868285504076
2025-09-29 13:00,0.4963188144633992
2025-09-29 14:00,1.3284953641204829
2025-09-29 15:00,2.3885733367144537
2025-09-29 16:00,1.5542869607847638
2025-09-29 17:00,1.0256532134264131
2025-09-29 18:00,0.4042257026111486
2025-09-29 19:00,0.474401116832644
2025-09-29 20:00,0.7150803994623091
2025-09-29 21:00,0.6897714310055275
2025-09-29 22:00,0.3933602763240509
2025-09-29 23:00,0.27049567881610065
2025-09-30 00:00,0.4922071710105512
2025-09-30 01:00,0.9603012331557264
2025-09-30 02:00,1.4955937889769544
2025-09-30 03:00,1.4488073833411423
2025-09-30 04:00,1.006823188605468
2025-09-30 05:00,0.6330220487567617
2025-09-30 06:00,0.6330463460426705
2025-09-30 07:00,0.2709749581647892
2025-09-30 08:00,0.11451527449662649
2025-09-30 09:00,0.09007172257910227
2025-09-30 10:00,0.08883791354917019
2025-09-30 11:00,0.20944206886733327
2025-09-30 12:00,0.34643684732175756
2025-09-30 13:00,0.41213883139457663
2025-09-30 14:00,1.0034687146151107
2025-09-30 15:00,3.877092878172059
2025-09-30 16:00,7.770450595018457
2025-09-30 17:00,9.902430146709992
2025-09-30 18:00,7.849928460806144
2025-09-30 19:00,1.6497330242948205
2025-09-30 20:00,0.9903271920335176
2025-09-30 21:00,0.6177673214145526
2025-09-30 22:00,0.9816839975627518
2025-09-30 23:00,1.0240231130114597
2025-10-01 00:00,4.244187192384107
2025-10-01 01:00,3.921780779854899
2025-10-01 02:00,4.651308216140946
2025-10-01 03:00,6.19114401571376
2025-10-01 04:00,6.463023458474982
2025-10-01 05:00,5.204671226443863
2025-10-01 06:00,3.5335112900079935
2025-10-01 07:00,2.936564902568093
2025-10-01 08:00,1.2732235977042097
2025-10-01 09:00,0.8537143102194632
2025-10-01 10:00,0.46206996205429957
2025-10-01 11:00,0.4590393123533263
2025-10-01 12:00,0.594062878930063
2025-10-01 13:00,0.6410009037538575
2025-10-01 14:00,1.580516523673469
2025-10-01 15:00,4.079736346931517
2025-10-01 16:00,5.888794965358341
2025-10-01 17:00,7.482889957611386
2025-10-01 18:00,3.661136874174263
2025-10-01 19:00,3.0244752099880055
2025-10-01 20:00,4.597233500917502
2025-10-01 21:00,2.8462968918296054
2025-10-01 22:00,1.0058026914062541
2025-10-01 23:00,0.5018056133329006
2025-10-02 00:00,0.5013227891947861
2025-10-02 01:00,0.6934214456630678
2025-10-02 02:00,0.9366683284747355
2025-10-02 03:00,1.0501698767197896
2025-10-02 04:00,0.690724299576166
2025-10-02 05:00,1.089271843956016
2025-10-02 06:00,0.5418874637689991
2025-10-02 07:00,0.38171136279818535
2025-10-02 08:00,0.3531421515033263
2025-10-02 09:00,0.42007548833077185
2025-10-02 10:00,0.37291243251714534
2025-10-02 11:00,0.2941171130268407
2025-10-02 12:00,0.19628815145001643
2025-10-02 13:00,0.2516436289245846
2025-10-02 14:00,0.5232600464290715
2025-10-02 15:00,0.48336218643881046
2025-10-02 16:00,0.4089311439602546
2025-10-02 17:00,0.45016185595414954
2025-10-02 18:00,0.373534891040595
2025-10-02 19:00,0.436993334783331
2025-10-02 20:00,0.6669601055052855
2025-10-02 21:00,0.5986213160623021
2025-10-02 22:00,1.6934706668707407
2025-10-02 23:00,1.1800184642552918
2025-10-03 00:00,1.3041281887499498
2025-10-03 01:00,1.922114720610757
2025-10-03 02:00,3.663493668189126
2025-10-03 03:00,5.0532004872859355
2025-10-03 04:00,9.605934417324328
2025-10-03 05:00,8.3079157915204
2025-10-03 06:00,8.818328574739693
2025-10-03 07:00,9.138777005581694
2025-10-03 08:00,9.74436790442693
2025-10-03 09:00,13.340095746795734
2025-10-03 10:00,22.80533607981132
2025-10-03 11:00,27.676338918900733
2025-10-03 12:00,34.97661778549807
2025-10-03 13:00,38.27499082660422
2025-10-03 14:00,38.26254640916275
2025-10-03 15:00,32.764204114401046
2025-10-03 16:00,31.350701996614795
2025-10-03 17:00,26.86754139837521
2025-10-03 18:00,23.694514026870763
2025-10-03 19:00,23.531229469959268
2025-10-03 20:00,31.33543819750632
2025-10-03 21:00,33.05170808233065
2025-10-03 22:00,28.211171040312966
2025-10-03 23:00,21.004714349596753
2025-10-04 00:00,7.099427665566254
2025-10-04 01:00,2.359731549204193
2025-10-04 02:00,2.6075835120991067
2025-10-04 03:00,4.312262891089553
2025-10-04 04:00,6.714498715014999
2025-10-04 05:00,7.0345498576024905
2025-10-04 06:00,5.822295206841445
2025-10-04 07:00,6.016050464104851
2025-10-04 08:00,5.166658815126311
2025-10-04 09:00,3.293902366967107
2025-10-04 10:00,3.007329480963003
2025-10-04 11:00,2.792278174638061
2025-10-04 12:00,2.461582829668405
2025-10-04 13:00,2.768592690557935
2025-10-04 14:00,2.2694496927989607
2025-10-04 15:00,2.937089370219006
2025-10-04 16:00,2.7765265692022005
2025-10-04 17:00,3.040715328843703
2025-10-04 18:00,2.2514327025721257
2025-10-04 19:00,2.212357977115163
2025-10-04 20:00,3.22530363572205
2025-10-04 21:00,4.025136987538998
2025-10-04 22:00,3.8248898243913123
2025-10-04 23:00,4.650143790869194
2025-10-05 00:00,4.964648263751745
2025-10-05 01:00,3.3107262676626514
2025-10-05 02:00,1.9027034143610662
2025-10-05 03:00,1.742388431478994
2025-10-05 04:00,1.9440603773589045
2025-10-05 05:00,3.529830089536075
2025-10-05 06:00,2.7492367535930824
2025-10-05 07:00,3.0786807078808924
2025-10-05 08:00,1.3828985160126175
2025-10-05 09:00,0.5357635051655852
2025-10-05 10:00,0.5753299225178552
2025-10-05 11:00,0.3781651802028648
2025-10-05 12:00,0.6700044789751024
2025-10-05 13:00,0.5667320229007798
2025-10-05 14:00,0.4010146277318345
2025-10-05 15:00,0.902488102773593
2025-10-05 16:00,1.039481081603424
2025-10-05 17:00,1.3406118297454912
2025-10-05 18:00,1.0561562870685
2025-10-05 19:00,1.3817476518200855
2025-10-05 20:00,1.459466568566139
2025-10-05 21:00,1.0443520910516657
2025-10-05 22:00,1.6985733223928778
2025-10-05 23:00,1.957171083234245
2025-10-06 00:00,1.0433456413403424
2025-10-06 01:00,2.040797044602586
2025-10-06 02:00,2.049714471809593
2025-10-06 03:00,1.5718325247703298
2025-10-06 04:00,2.3675448155426664
2025-10-06 05:00,2.9467726862887846
2025-10-06 06:00,4.16031512555516
2025-10-06 07:00,6.1708035438453885
2025-10-06 08:00,7.874171707960835
2025-10-06 09:00,9.686988289684237
2025-10-06 10:00,9.923773232378354
2025-10-06 11:00,13.268331725554058
2025-10-06 12:00,17.189887201558854
2025-10-06 13:00,13.363339692410147
2025-10-06 14:00,7.336706209654661
2025-10-06 15:00,3.5132789140041294
2025-10-06 16:00,5.60217117063678
2025-10-06 17:00,9.880182417764367
2025-10-06 18:00,19.297773551672687
2025-10-06 19:00,23.27100719979801
2025-10-06 20:00,45.21376334354115
2025-10-06 21:00,45.0135335765706
2025-10-06 22:00,40.734399026187546
2025-10-06 23:00,35.93485828976479
2025-10-07 00:00,34.73315369588575
2025-10-07 01:00,31.62963244742844
2025-10-07 02:00,36.24432743578312
2025-10-07 03:00,34.48755228484422
2025-10-07 04:00,34.7301282951586
2025-10-07 05:00,28.80792907785364
2025-10-07 06:00,26.106838666935968
2025-10-07 07:00,13.24271692215116
2025-10-07 08:00,9.634109382005585
2025-10-07 09:00,5.579626214123506
2025-10-07 10:00,7.186734987686655
2025-10-07 11:00,5.75453635569793
2025-10-07 12:00,6.201646087038425
2025-10-07 13:00,5.280887886806555
2025-10-07 14:00,7.889944855702003
2025-10-07 15:00,8.80943943291172
2025-10-07 16:00,4.215479484292634
2025-10-07 17:00,3.5576005575299785
2025-10-07 18:00,3.2915248733228264
2025-10-07 19:00,2.6961146298168033
2025-10-07 20:00,1.2759804927487153
2025-10-07 21:00,0.8327819208245344
2025-10-07 22:00,0.9928383132639312
2025-10-07 23:00,2.712305290664209
2025-10-08 00:00,5.199211942947474
2025-10-08 01:00,5.547469743813593
2025-10-08 02:00,5.32697571141646
2025-10-08 03:00,7.863269095589786
2025-10-08 04:00,8.104998444455502
2025-10-08 05:00,8.688028844598808
2025-10-08 06:00,9.70259735368073
2025-10-08 07:00,11.027301273778068
2025-10-08 08:00,13.070549603858321
2025-10-08 09:00,12.586986261757268
2025-10-08 10:00,10.889472227965053
2025-10-08 11:00,10.8993297932111
2025-10-08 12:00,8.886504519991536
2025-10-08 13:00,9.934016130349764
2025-10-08 14:00,13.842370976799232
2025-10-08 15:00,15.383937974310772
2025-10-08 16:00,18.324966711196744
2025-10-08 17:00,12.141289979969423
2025-10-08 18:00,5.849480391753876
2025-10-08 19:00,5.079100250269015
2025-10-08 20:00,4.447118539396407
2025-10-08 21:00,4.052225106719916
2025-10-08 22:00,2.427769868921027
2025-10-08 23:00,2.150151571443596
2025-10-09 00:00,1.805975695919694
2025-10-09 01:00,1.9093769871947188
2025-10-09 02:00,1.7270307742552284
2025-10-09 03:00,1.6423633311133703
2025-10-09 04:00,2.114168845721016
2025-10-09 05:00,2.7458966055512772
2025-10-09 06:00,4.011747884186723
2025-10-09 07:00,4.267312123616858
2025-10-09 08:00,6.945184287228916
2025-10-09 09:00,6.078292502735521
2025-10-09 10:00,6.805499737455668
2025-10-09 11:00,4.39497778005578
2025-10-09 12:00,2.5335720494180416
2025-10-09 13:00,1.6890853067496432
2025-10-09 14:00,1.4982709219265853
2025-10-09 15:00,1.279037943449709
2025-10-09 16:00,0.9456175488358816
2025-10-09 17:00,1.1803274426630415
2025-10-09 18:00,1.7581617198972965
2025-10-09 19:00,7.678248637565693
2025-10-09 20:00,10.96143680168967
2025-10-09 21:00,10.729345865502358
2025-10-09 22:00,5.340877019600889
2025-10-09 23:00,6.781383624180671
2025-10-10 00:00,7.201523715104901
2025-10-10 01:00,6.4235874891256
2025-10-10 02:00,7.33691643102639
2025-10-10 03:00,7.210804995447875
2025-10-10 04:00,6.376854256173506
2025-10-10 05:00,4.312690868756885
2025-10-10 06:00,2.7712082836136847
2025-10-10 07:00,2.1697495936280995
2025-10-10 08:00,3.021828506663859
2025-10-10 09:00,2.77633843899
2025-10-10 10:00,0.8550554863920242
2025-10-10 11:00,0.38498440353827257
2025-10-10 12:00,0.5355519753946303
2025-10-10 13:00,0.9715251309112003
2025-10-10 14:00,1.5885295193013695
2025-10-10 15:00,1.2533256337488086
2025-10-10 16:00,0.6121544566995782
2025-10-10 17:00,0.47987729398624684
2025-10-10 18:00,0.661976734200182
2025-10-10 19:00,0.6448884364408893
2025-10-10 20:00,0.6651094860952064
2025-10-10 21:00,0.7407312692574224
2025-10-10 22:00,1.2255647403031615
2025-10-10 23:00,1.88642650526153
2025-10-11 00:00,5.653359694723576
2025-10-11 01:00,3.5379145840819506
2025-10-11 02:00,1.0916191470573695
2025-10-11 03:00,0.9524463317668201
2025-10-11 04:00,1.3385315129975435
2025-10-11 05:00,1.219691334346344
2025-10-11 06:00,0.3427476601258431
2025-10-11 07:00,1.046631175619749
2025-10-11 08:00,0.9819862884239376
2025-10-11 09:00,1.1917693671866816
2025-10-11 10:00,0.31155794214321314
2025-10-11 11:00,0.719959710404603
2025-10-11 12:00,1.2152934826378576
2025-10-11 13:00,3.3562044554714237
2025-10-11 14:00,5.937512126943001
2025-10-11 15:00,6.883798633698686
2025-10-11 16:00,4.011190974750216
2025-10-11 17:00,2.051611755716001
2025-10-11 18:00,1.513003687833483
2025-10-11 19:00,2.3552048052223378
2025-10-11 20:00,3.9712997757828186
2025-10-11 21:00,3.0937065798727277
2025-10-11 22:00,3.3550816902079155
2025-10-11 23:00,2.3232253797803466
2025-10-12 00:00,2.3133018171180524
2025-10-12 01:00,6.502829844309332
2025-10-12 02:00,8.890065822124253
2025-10-12 03:00,6.60596370744656
2025-10-12 04:00,5.272396956067056
2025-10-12 05:00,4.48547476809058
2025-10-12 06:00,3.2639416380185637
2025-10-12 07:00,5.880623800844089
2025-10-12 08:00,5.837057556312269
2025-10-12 09:00,2.4894016198482567
2025-10-12 10:00,1.6591740057959707
2025-10-12 11:00,1.8259441468524837
2025-10-12 12:00,2.141451919639634
2025-10-12 13:00,4.218822457639022
2025-10-12 14:00,4.594197036472515
2025-10-12 15:00,3.2952818205215166
2025-10-12 16:00,3.5181044822600205
2025-10-12 17:00,2.2804937746574763
2025-10-12 18:00,1.2088872747453068
2025-10-12 19:00,1.1792027084817274
2025-10-12 20:00,1.219284595025342
2025-10-12 21:00,1.5456397773969976
2025-10-12 22:00,2.6256911226164177
2025-10-12 23:00,1.995023838257346
2025-10-13 00:00,4.854914524737581
2025-10-13 01:00,4.3589873740228455
2025-10-13 02:00,1.9764714621884005
2025-10-13 03:00,2.258304839572599
2025-10-13 04:00,2.850329770404259
2025-10-13 05:00,2.8876425629349827
2025-10-13 06:00,2.9834629132661297
2025-10-13 07:00,3.9515592079527746
2025-10-13 08:00,2.859982004371167
2025-10-13 09:00,6.697715459369873
2025-10-13 10:00,10.354148909451627
2025-10-13 11:00,14.215195285212152
2025-10-13 12:00,14.68831555480077
2025-10-13 13:00,22.5329742895288
2025-10-13 14:00,24.451329258050546
2025-10-13 15:00,38.80487391576315
2025-10-13 16:00,42.13598308890566
2025-10-13 17:00,39.16918322681487
2025-10-13 18:00,23.690007324688835
2025-10-13 19:00,9.609655175364834
2025-10-13 20:00,8.23998341656912
2025-10-13 21:00,7.247815049944352
2025-10-13 22:00,7.828315042384345
2025-10-13 23:00,7.47933904779206
2025-10-14 00:00,6.9264542539862894
2025-10-14 01:00,7.262336480898302
2025-10-14 02:00,8.343576124697215
2025-10-14 03:00,9.781463825862167
2025-10-14 04:00,6.60373403998251
2025-10-14 05:00,7.12541994682281
2025-10-14 06:00,7.065685255789191
2025-10-14 07:00,6.406208562094183
2025-10-14 08:00,5.267857316281113
2025-10-14 09:00,2.262882120633062
2025-10-14 10:00,1.560452183118056
2025-10-14 11:00,1.1051728142690158
2025-10-14 12:00,0.71723240549849
2025-10-14 13:00,0.3797768695645636
2025-10-14 14:00,0.3525639784880563
2025-10-14 15:00,0.3838417092870388
2025-10-14 16:00,0.44968131946609036
2025-10-14 17:00,1.1265396488028863
2025-10-14 18:00,0.9676961922144709
2025-10-14 19:00,1.1484779814365011
2025-10-14 20:00,1.1988312301119637
2025-10-14 21:00,1.6015209746708698
2025-10-14 22:00,1.5296168669470391
2025-10-14 23:00,2.0428960925184203
2025-10-15 00:00,3.257451254112042
2025-10-15 01:00,2.519399758077522
2025-10-15 02:00,1.4259642223918734
2025-10-15 03:00,1.2223292788282867
2025-10-15 04:00,1.5373003341317997
2025-10-15 05:00,3.1371280680441864
2025-10-15 06:00,3.5972209405476896
2025-10-15 07:00,3.482954683116425
2025-10-15 08:00,2.932689326937975
2025-10-15 09:00,2.0305209129099766
2025-10-15 10:00,1.250179205496423
2025-10-15 11:00,1.4583106157470422
2025-10-15 12:00,1.3999700825305699
2025-10-15 13:00,0.8089319047725364
2025-10-15 14:00,0.7466501595520082
2025-10-15 15:00,1.0498874005961145
2025-10-15 16:00,1.7745497971783593
2025-10-15 17:00,11.127436769231647
2025-10-15 18:00,15.842675319484563
2025-10-15 19:00,13.751260476193394
2025-10-15 20:00,16.407590978805146
2025-10-15 21:00,24.21032507870977
2025-10-15 22:00,26.786321132859968
2025-10-15 23:00,29.80738469372351
2025-10-16 00:00,31.818307879423536
2025-10-16 01:00,32.947321864408295
2025-10-16 02:00,38.37307066920964
2025-10-16 03:00,50.669398248123336
2025-10-16 04:00,44.191086867190705
2025-10-16 05:00,38.804086827789895
2025-10-16 06:00,26.14543522088008
2025-10-16 07:00,12.062947220541167
2025-10-16 08:00,9.803446900412723
2025-10-16 09:00,11.530717945096107
2025-10-16 10:00,10.065488271531738
2025-10-16 11:00,2.9143559061216116
2025-10-16 12:00,5.477362071700756
2025-10-16 13:00,14.192726609871855
2025-10-16 14:00,23.84708897049379
2025-10-16 15:00,27.957492708389363
2025-10-16 16:00,27.79042380050292
2025-10-16 17:00,25.053015756621182
2025-10-16 18:00,18.851426796631923
2025-10-16 19:00,14.73242783303312
2025-10-16 20:00,13.047460309541458
2025-10-16 21:00,12.32765666618314
2025-10-16 22:00,8.856706112436378
2025-10-16 23:00,12.078702033159042
2025-10-17 00:00,8.667940208113952
2025-10-17 01:00,7.1400847438017765
2025-10-17 02:00,3.617512695543717
2025-10-17 03:00,3.0051659128449155
2025-10-17 04:00,5.249985509459441
2025-10-17 05:00,6.68547061287862
2025-10-17 06:00,5.759590162863034
2025-10-17 07:00,5.9908311379047845
2025-10-17 08:00,4.195143385145423
2025-10-17 09:00,2.5890844432761915
2025-10-17 10:00,1.3492898930815618
2025-10-17 11:00,0.6842584457979108
2025-10-17 12:00,0.3664697676105652
2025-10-17 13:00,1.5723911034139915
2025-10-17 14:00,3.581832270408996
2025-10-17 15:00,9.75859324078571
2025-10-17 16:00,11.453708831223315
2025-10-17 17:00,11.021208206417263
2025-10-17 18:00,11.807201725956608
2025-10-17 19:00,11.246474180928772
2025-10-17 20:00,3.360385667510667
2025-10-17 21:00,15.163833573498145
2025-10-17 22:00,32.61021443055165
2025-10-17 23:00,18.187343462421232
2025-10-18 00:00,17.79508041892268
2025-10-18 01:00,36.541861548672465
2025-10-18 02:00,45.683920934401804
2025-10-18 03:00,44.700807446707444
2025-10-18 04:00,35.047033394272034
2025-10-18 05:00,28.036064235327807
2025-10-18 06:00,28.03562855312365
2025-10-18 07:00,27.120184391519548
2025-10-18 08:00,24.166362020394093
2025-10-18 09:00,16.447543436842047
2025-10-18 10:00,20.27828473457271
2025-10-18 11:00,39.51795105910509
2025-10-18 12:00,47.311759413272334
2025-10-18 13:00,48.67624120676712
2025-10-18 14:00,44.61552860977551
2025-10-18 15:00,39.70650328730349
2025-10-18 16:00,32.835148780428895
2025-10-18 17:00,29.479309829639767
2025-10-18 18:00,28.507420947313967
2025-10-18 19:00,27.99431670443706
2025-10-18 20:00,19.996584902673067
2025-10-18 21:00,14.122402309652385
2025-10-18 22:00,9.077968580749783
2025-10-18 23:00,8.157375255882993
2025-10-19 00:00,5.955703472327606
2025-10-19 01:00,5.872025957369866
2025-10-19 02:00,5.662947726475537
2025-10-19 03:00,3.71510372479467
2025-10-19 04:00,4.194264152309589
2025-10-19 05:00,4.070271636951133
2025-10-19 06:00,4.5065026329684095
2025-10-19 07:00,2.650034275819118
2025-10-19 08:00,0.9073282532071691
2025-10-19 09:00,0.3508665883686068
2025-10-19 10:00,0.17252906124814518
2025-10-19 11:00,0.42558067717888537
2025-10-19 12:00,1.3672106830119324
2025-10-19 13:00,7.106064736814969
2025-10-19 14:00,20.625522835771253
2025-10-19 15:00,29.639680451255963
2025-10-19 16:00,33.642713054559266
2025-10-19 17:00,29.48469213979222
2025-10-19 18:00,43.28100189312828
2025-10-19 19:00,51.07941366269341
2025-10-19 20:00,57.287201032866896
2025-10-19 21:00,57.32502735847424
2025-10-19 22:00,54.94820979379376
2025-10-19 23:00,52.881318577456284
2025-10-20 00:00,54.90376195226344
2025-10-20 01:00,55.167796556935805
2025-10-20 02:00,59.185938104900806
2025-10-20 03:00,57.75038106466929
2025-10-20 04:00,52.46020105931007
2025-10-20 05:00,42.18227061537039
2025-10-20 06:00,34.20783815043983
2025-10-20 07:00,36.186299890681234
2025-10-20 08:00,38.096472337386416
2025-10-20 09:00,36.43894946759795
2025-10-20 10:00,30.422835402284434
2025-10-20 11:00,28.781569547388393
2025-10-20 12:00,28.801504889358636
2025-10-20 13:00,29.460760403244617
2025-10-20 14:00,36.03457319455781
2025-10-20 15:00,35.47483155614984
2025-10-20 16:00,35.75686350745127
2025-10-20 17:00,41.85700905943969
2025-10-20 18:00,44.008809470689144
2025-10-20 19:00,39.36217360302673
2025-10-20 20:00,36.82983380487206
2025-10-20 21:00,30.296447012968187
2025-10-20 22:00,26.12338819189476
2025-10-20 23:00,27.643721849671277
2025-10-21 00:00,25.092300007500622
2025-10-21 01:00,23.26356692549901
2025-10-21 02:00,18.906325085071646
2025-10-21 03:00,18.188424242226947
2025-10-21 04:00,15.66845835936785
2025-10-21 05:00,17.522885893401348
2025-10-21 06:00,19.615541047839272
2025-10-21 07:00,22.49165736620528
2025-10-21 08:00,26.088384273059926
2025-10-21 09:00,21.414408792077293
2025-10-21 10:00,16.744098964534587
2025-10-21 11:00,18.278316331427817
2025-10-21 12:00,22.735629046359954
2025-10-21 13:00,27.838277532463238
2025-10-21 14:00,37.16084285220234
2025-10-21 15:00,40.34317424540931
2025-10-21 16:00,43.01108587168111
2025-10-21 17:00,41.0744399352229
2025-10-21 18:00,36.622132583149295
2025-10-21 19:00,37.52611747144657
2025-10-21 20:00,33.17481674519484
2025-10-21 21:00,27.15827841659848
2025-10-21 22:00,22.360464561918842
2025-10-21 23:00,23.1484786031218
2025-10-22 00:00,22.923905087317873
2025-10-22 01:00,22.352561984385222
2025-10-22 02:00,19.89657670303024
2025-10-22 03:00,16.982035766406362
2025-10-22 04:00,19.030963665630097
2025-10-22 05:00,20.570770439447745
2025-10-22 06:00,22.67935343825563
2025-10-22 07:00,16.371424665560223
2025-10-22 08:00,13.89325208206108
2025-10-22 09:00,16.668078718880235
2025-10-22 10:00,10.606794606891517
2025-10-22 11:00,7.354313313400045
2025-10-22 12:00,4.544847037284079
2025-10-22 13:00,4.732899470808919
2025-10-22 14:00,7.426929945395491
2025-10-22 15:00,9.587366852249463
2025-10-22 16:00,10.612356690393984
2025-10-22 17:00,9.568822493479573
2025-10-22 18:00,11.540515760125833
2025-10-22 19:00,10.598999181574264
2025-10-22 20:00,12.56423520719723
2025-10-22 21:00,11.441421119604138
2025-10-22 22:00,4.273134185175714
2025-10-22 23:00,3.926115978191153
2025-10-23 00:00,3.150648316879695
2025-10-23 01:00,7.45202804317234
2025-10-23 02:00,9.670154733100366
2025-10-23 03:00,9.96511968331975
2025-10-23 04:00,9.733812971552108
2025-10-23 05:00,4.4936803810305745
2025-10-23 06:00,3.215873294412689
2025-10-23 07:00,3.2702671694451086
2025-10-23 08:00,2.2938343359075395
2025-10-23 09:00,0.6461297057769071
2025-10-23 10:00,0.3942360731262498
2025-10-23 11:00,0.6060102873979978
2025-10-23 12:00,1.0313801633917798
2025-10-23 13:00,2.4001406811409605
2025-10-23 14:00,4.578188775719643
2025-10-23 15:00,8.935681999043833
2025-10-23 16:00,11.912303741749822
2025-10-23 17:00,10.262768589932163
2025-10-23 18:00,10.881110242416025
2025-10-23 19:00,15.85869102017828
2025-10-23 20:00,15.838658564625273
2025-10-23 21:00,10.569735167859251
2025-10-23 22:00,4.961033581131078
2025-10-23 23:00,3.913764113327444
2025-10-24 00:00,6.832782179103055
2025-10-24 01:00,4.323318152549114
2025-10-24 02:00,4.445056355638381
2025-10-24 03:00,6.079305578156671
2025-10-24 04:00,5.599504317416865
2025-10-24 05:00,6.76578344575848
2025-10-24 06:00,7.918924127733904
2025-10-24 07:00,8.817363631854596
2025-10-24 08:00,6.944041810692472
2025-10-24 09:00,5.120864503120431
2025-10-24 10:00,1.9778457724394825
2025-10-24 11:00,0.6503033890317539
2025-10-24 12:00,0.5782298918622124
2025-10-24 13:00,0.6109682592723789
2025-10-24 14:00,2.320936055315561
2025-10-24 15:00,5.960595898117926
2025-10-24 16:00,9.545709049448389
2025-10-24 17:00,9.536385682182052
2025-10-24 18:00,7.814386503185785
2025-10-24 19:00,6.736947842699968
2025-10-24 20:00,5.592107718161564
2025-10-24 21:00,4.556736050783266
2025-10-24 22:00,3.4118918410171166
2025-10-24 23:00,2.3047396214160862
2025-10-25 00:00,1.1006863378334164
2025-10-25 01:00,0.2392436794879273
2025-10-25 02:00,0.7602243193907259
2025-10-25 03:00,1.2646767800326566
2025-10-25 04:00,2.1229296237445427
2025-10-25 05:00,1.4516208720285038
2025-10-25 06:00,1.357434555853897
2025-10-25 07:00,1.630331455991289
2025-10-25 08:00,2.029760830567189
2025-10-25 09:00,2.5996235045598524
2025-10-25 10:00,4.286998948469708
2025-10-25 11:00,4.748065634055426
2025-10-25 12:00,5.076787495199842
2025-10-25 13:00,8.808509816954636
2025-10-25 14:00,9.565707759896354
2025-10-25 15:00,13.046037404709715
2025-10-25 16:00,14.26314940495276
2025-10-25 17:00,14.466997771450847
2025-10-25 18:00,19.958735540855162
2025-10-25 19:00,24.40233395894194
2025-10-25 20:00,19.436563676674663
2025-10-25 21:00,9.894149063304294
2025-10-25 22:00,3.0349280934863865
2025-10-25 23:00,2.847443728375302
2025-10-26 00:00,3.8060375895790988
2025-10-26 01:00,4.088653316023759
2025-10-26 02:00,3.4058896423151395
2025-10-26 03:00,4.34680113720555
2025-10-26 04:00,6.490046395955885
2025-10-26 05:00,12.227808673704702
2025-10-26 06:00,7.911675821848522
2025-10-26 07:00,6.939505499844071
2025-10-26 08:00,7.186745683757779
2025-10-26 09:00,6.889392899280716
2025-10-26 10:00,5.451333650309234
2025-10-26 11:00,9.34012014154335
2025-10-26 12:00,14.926675553079027
2025-10-26 13:00,23.315992501376403
2025-10-26 14:00,30.038685287781384
2025-10-26 15:00,28.081911090699265
2025-10-26 16:00,27.03280140163558
2025-10-26 17:00,30.98680632714529
2025-10-26 18:00,28.665159390011105
2025-10-26 19:00,24.320420257511245
2025-10-26 20:00,37.36757053697213
2025-10-26 21:00,25.564915707783147
2025-10-26 22:00,13.702727770339418
2025-10-26 23:00,4.713136257646796
2025-10-27 00:00,23.93153654184837
2025-10-27 01:00,54.637965784310346
2025-10-27 02:00,58.018045543849034
2025-10-27 03:00,58.87372280163389
2025-10-27 04:00,57.76878457626795
2025-10-27 05:00,56.01432305688062
2025-10-27 06:00,56.52496761115395
2025-10-27 07:00,50.8680599518038
2025-10-27 08:00,46.899665425705926
2025-10-27 09:00,42.5457192262423
2025-10-27 10:00,27.41319284504103
2025-10-27 11:00,20.161210641096396
2025-10-27 12:00,13.823920029189617
2025-10-27 13:00,21.50647997454463
2025-10-27 14:00,35.769265354918154
2025-10-27 15:00,43.18977352171787
2025-10-27 16:00,44.93545998371031
2025-10-27 17:00,44.26031543120339
2025-10-27 18:00,37.028037091161984
2025-10-27 19:00,33.36114658158504
2025-10-27 20:00,26.133126216799816
2025-10-27 21:00,25.507080629323216
2025-10-27 22:00,14.012403442264779
2025-10-27 23:00,10.648809861788221
2025-10-28 00:00,4.49999374609977
2025-10-28 01:00,8.137686339154234
2025-10-28 02:00,16.720772481539782
2025-10-28 03:00,28.696427107142522
2025-10-28 04:00,25.18287326958868
2025-10-28 05:00,17.44895303664853
2025-10-28 06:00,16.015973692749224
2025-10-28 07:00,15.210934787467247
2025-10-28 08:00,16.51688824756132
2025-10-28 09:00,20.145192121034675
2025-10-28 10:00,18.725146267186556
2025-10-28 11:00,17.80323457262126
2025-10-28 12:00,16.8326373745053
2025-10-28 13:00,15.295079561479223
2025-10-28 14:00,12.887352294766945
2025-10-28 15:00,10.42679840525763
2025-10-28 16:00,8.06489211237514
2025-10-28 17:00,6.194241622720391
2025-10-28 18:00,4.419673599827496
2025-10-28 19:00,3.514654213532485
2025-10-28 20:00,3.5226279045948967
2025-10-28 21:00,3.630593460660365
2025-10-28 22:00,3.7183226209564584
2025-10-28 23:00,2.9281852092853495
2025-10-29 00:00,2.970940779213883
2025-10-29 01:00,3.134349236342035
2025-10-29 02:00,3.996432065016333
2025-10-29 03:00,5.742149738854076
2025-10-29 04:00,7.635086623018907
2025-10-29 05:00,7.84431489445897
2025-10-29 06:00,9.43998007781361
2025-10-29 07:00,5.4711016100617
2025-10-29 08:00,2.592491538617077
2025-10-29 09:00,2.096468891130244
2025-10-29 10:00,2.505437319718037
2025-10-29 11:00,3.239871524387619
2025-10-29 12:00,1.5488518747920361
2025-10-29 13:00,1.4189561904601709
2025-10-29 14:00,1.977172688871502
2025-10-29 15:00,1.8182891571282576
2025-10-29 16:00,1.842328272730609
2025-10-29 17:00,4.638259462093744
2025-10-29 18:00,9.075157557240695
2025-10-29 19:00,8.116978150225687
2025-10-29 20:00,6.387695275455724
2025-10-29 21:00,4.837643106265634
2025-10-29 22:00,4.446330350936398
2025-10-29 23:00,7.035562140943727
2025-10-30 00:00,5.254495235378497
2025-10-30 01:00,5.931587191222523
2025-10-30 02:00,8.271352496292856
2025-10-30 03:00,11.78702928970656
2025-10-30 04:00,12.259665980171757
2025-10-30 05:00,10.38867253920415
2025-10-30 06:00,6.521932052363343
2025-10-30 07:00,3.6165388541433066
2025-10-30 08:00,1.7852638500834115
2025-10-30 09:00,1.930876345781789
2025-10-30 10:00,1.202082970888684
2025-10-30 11:00,0.9128193521796283
2025-10-30 12:00,0.37504377252393545
2025-10-30 13:00,0.7358384352458248
2025-10-30 14:00,0.36498211700291916
2025-10-30 15:00,0.6673226209587478
2025-10-30 16:00,1.017893201108895
2025-10-30 17:00,1.205149016672412
2025-10-30 18:00,1.3177210020956336
2025-10-30 19:00,1.0483359941635149
2025-10-30 20:00,4.819679960640219
2025-10-30 21:00,2.9474830808408607
2025-10-30 22:00,2.257329388955744
2025-10-30 23:00,2.874765453853416
2025-10-31 00:00,6.890669747638267
2025-10-31 01:00,10.356203940721393
2025-10-31 02:00,7.581170205359768
2025-10-31 03:00,4.769065789095851
2025-10-31 04:00,5.4388723579435165
2025-10-31 05:00,5.706305529381645
2025-10-31 06:00,6.817018097889106
2025-10-31 07:00,3.506805333592181
2025-10-31 08:00,2.3509372789635714
2025-10-31 09:00,2.3241908040248425
2025-10-31 10:00,0.3957114995805544
2025-10-31 11:00,0.20644400847438282
2025-10-31 12:00,0.3189648263287026
2025-10-31 13:00,1.0549526850193978
2025-10-31 14:00,2.217556596434003
2025-10-31 15:00,9.340223971484967
2025-10-31 16:00,12.357808321174305
2025-10-31 17:00,9.697224198872128
2025-10-31 18:00,7.311704459450339
2025-10-31 19:00,8.36352766610351
2025-10-31 20:00,2.9864607151047995
2025-10-31 21:00,2.551494017960357
2025-10-31 22:00,7.582835931672218
2025-10-31 23:00,5.841908988580454
2025-11-01 00:00,3.6846705474762116
2025-11-01 01:00,6.04977935994822
2025-11-01 02:00,2.9223674884700865
2025-11-01 03:00,4.427561549800187
2025-11-01 04:00,9.793526239638828
2025-11-01 05:00,24.559598784172113
2025-11-01 06:00,26.800191571377834
2025-11-01 07:00,18.631109118809945
2025-11-01 08:00,24.347475231896752
2025-11-01 09:00,41.735214916708635
2025-11-01 10:00,48.875445103841976
2025-11-01 11:00,49.07995765432968
2025-11-01 12:00,41.05398233193674
2025-11-01 13:00,36.303185948902225
2025-11-01 14:00,35.35700802099686
2025-11-01 15:00,39.19856613587531
2025-11-01 16:00,43.01498224473408
2025-11-01 17:00,35.06721162176098
2025-11-01 18:00,26.003698764266034
2025-11-01 19:00,23.432449073117855
2025-11-01 20:00,12.584494768298484
2025-11-01 21:00,7.6786729364273025
2025-11-01 22:00,30.553282549591273
2025-11-01 23:00,28.574735302146994
2025-11-02 00:00,36.71675768986772
2025-11-02 01:00,33.66203370658157
2025-11-02 02:00,43.07773101892092
2025-11-02 03:00,38.41036117909787
2025-11-02 04:00,39.393552273436164
2025-11-02 05:00,28.042361989627945
2025-11-02 06:00,34.31622994201995
2025-11-02 07:00,31.434816327805525
2025-11-02 08:00,48.13294676526305
2025-11-02 09:00,56.436036992006784
2025-11-02 10:00,55.741199338271926
2025-11-02 11:00,53.70139286777888
2025-11-02 12:00,52.93575677891459
2025-11-02 13:00,51.65675545433093
2025-11-02 14:00,52.345808485792475
2025-11-02 15:00,53.40721536647311
2025-11-02 16:00,53.7609695024171
2025-11-02 17:00,56.14661396551839
2025-11-02 18:00,56.74722049566901
2025-11-02 19:00,56.33291752009297
2025-11-02 20:00,55.60711773446768
2025-11-02 21:00,57.71295866250171
2025-11-02 22:00,49.32667641047208
2025-11-02 23:00,53.520707184443296
2025-11-03 00:00,55.828609945270216
2025-11-03 01:00,56.299617445582776
2025-11-03 02:00,47.48712566561397
2025-11-03 03:00,38.54862818331624
2025-11-03 04:00,29.711468969586292
2025-11-03 05:00,19.572746222061433
2025-11-03 06:00,8.916961104667836
2025-11-03 07:00,4.7287463405324885
2025-11-03 08:00,5.871044965161222
2025-11-03 09:00,8.048556130025897
2025-11-03 10:00,7.399539382222587
2025-11-03 11:00,4.6384962380028885
2025-11-03 12:00,3.7620558978389433
2025-11-03 13:00,1.8123224790582948
2025-11-03 14:00,1.6949093059607447
2025-11-03 15:00,1.5021465716698152
2025-11-03 16:00,1.821655078422425
2025-11-03 17:00,2.7881051369514394
2025-11-03 18:00,2.686297403359919
2025-11-03 19:00,1.520212766577271
2025-11-03 20:00,2.3380349605264845
2025-11-03 21:00,3.9392145588181062
2025-11-03 22:00,3.606087468808333
2025-11-03 23:00,1.5490210628635237
2025-11-04 00:00,1.5506343832927056
2025-11-04 01:00,2.319389212000144
2025-11-04 02:00,2.341461093166087
2025-11-04 03:00,2.443467470872591
2025-11-04 04:00,2.0559151661681754
2025-11-04 05:00,2.5599785445858947
2025-11-04 06:00,2.089955550039832
2025-11-04 07:00,2.5539151545734033
2025-11-04 08:00,2.391746299828562
2025-11-04 09:00,2.1522170334678448
2025-11-04 10:00,1.5346416725595007
2025-11-04 11:00,1.330865260061875
2025-11-04 12:00,0.8932805172125333
2025-11-04 13:00,1.0715512401623033
2025-11-04 14:00,2.5190925392880077
2025-11-04 15:00,4.171742740863807
2025-11-04 16:00,4.75910800546945
2025-11-04 17:00,7.830213760855756
2025-11-04 18:00,9.188027720780632
2025-11-04 19:00,8.802091238578779
2025-11-04 20:00,8.762422624246502
2025-11-04 21:00,5.1974862949531575
2025-11-04 22:00,3.6918273073940906
2025-11-04 23:00,6.755358092467897
2025-11-05 00:00,10.953574749151253
2025-11-05 01:00,8.619861675681674
2025-11-05 02:00,6.84348186254996
2025-11-05 03:00,7.704078017577909
2025-11-05 04:00,8.539141102024868
2025-11-05 05:00,10.338096037242101
2025-11-05 06:00,6.8826336521573435
2025-11-05 07:00,5.065045331211454
2025-11-05 08:00,4.814809974157972
2025-11-05 09:00,6.235479009067763
2025-11-05 10:00,4.881527041699829
2025-11-05 11:00,1.4584134653517287
2025-11-05 12:00,1.7595607855648518
2025-11-05 13:00,2.9125720039049505
2025-11-05 14:00,4.211488346672497
2025-11-05 15:00,6.391574814242969
2025-11-05 16:00,9.829186556559142
2025-11-05 17:00,11.447454983116872
2025-11-05 18:00,13.341830283075762
2025-11-05 19:00,16.083822508021154
2025-11-05 20:00,10.164955344700978
2025-11-05 21:00,3.861419653914307
2025-11-05 22:00,3.9677547603360024
2025-11-05 23:00,4.985440919472062
2025-11-06 00:00,2.8586811517260875
2025-11-06 01:00,4.562628742904515
2025-11-06 02:00,7.938353473171233
2025-11-06 03:00,5.698655188467479
2025-11-06 04:00,7.946447666218615
2025-11-06 05:00,5.904344777869228
2025-11-06 06:00,7.633592127156244
2025-11-06 07:00,7.784984987191585
2025-11-06 08:00,7.60503043500269
2025-11-06 09:00,8.16561392994854
2025-11-06 10:00,10.61667613516744
2025-11-06 11:00,11.879043297437146
2025-11-06 12:00,11.124242191843482
2025-11-06 13:00,12.695432158326764
2025-11-06 14:00,16.296044421642783
2025-11-06 15:00,15.117367095560637
2025-11-06 16:00,12.946482875409693
2025-11-06 17:00,13.806759215005897
2025-11-06 18:00,18.13044420238176
2025-11-06 19:00,17.08185488920661
2025-11-06 20:00,10.159345496813582
2025-11-06 21:00,6.002986185650576
2025-11-06 22:00,2.8002469497206683
2025-11-06 23:00,3.6727030591029917
2025-11-07 00:00,3.9019720023968913
2025-11-07 01:00,3.4394773000531704
2025-11-07 02:00,2.305494587647117
2025-11-07 03:00,2.206087979618582
2025-11-07 04:00,2.6811712996660235
2025-11-07 05:00,2.8706010703271807
2025-11-07 06:00,5.292516320426574
2025-11-07 07:00,2.8395225571935203
2025-11-07 08:00,2.0781002213108573
2025-11-07 09:00,1.1411992879143555
2025-11-07 10:00,0.4284500919851724
2025-11-07 11:00,0.33637636102983604
2025-11-07 12:00,0.2915966295809807
2025-11-07 13:00,0.6790627544095497
2025-11-07 14:00,1.1242905596847403
2025-11-07 15:00,1.982482015366803
2025-11-07 16:00,2.5160958644034794
2025-11-07 17:00,4.065704467545214
2025-11-07 18:00,1.9110776318906681
2025-11-07 19:00,1.6168634765172154
2025-11-07 20:00,1.2782819683074884
2025-11-07 21:00,1.998145899620043
2025-11-07 22:00,6.6593664590398385
2025-11-07 23:00,4.407756884831219
2025-11-08 00:00,6.231064136532217
2025-11-08 01:00,7.1697576604966144
2025-11-08 02:00,9.765069279459174
2025-11-08 03:00,9.881482719891219
2025-11-08 04:00,11.489665384347163
2025-11-08 05:00,5.250038386828746
2025-11-08 06:00,5.969578641015915
2025-11-08 07:00,7.814728511345924
2025-11-08 08:00,7.728946686177545
2025-11-08 09:00,6.839954435933232
2025-11-08 10:00,3.514839210157089
2025-11-08 11:00,5.495777141429114
2025-11-08 12:00,8.545984994984076
2025-11-08 13:00,8.606355466005184
2025-11-08 14:00,4.116753281327977
2025-11-08 15:00,2.321128873410964
2025-11-08 16:00,3.481972243978974
2025-11-08 17:00,3.377011004824783
2025-11-08 18:00,4.932034841728404
2025-11-08 19:00,3.4598117087296485
2025-11-08 20:00,12.980796285915776
2025-11-08 21:00,26.838336157713055
2025-11-08 22:00,32.64006281365916
2025-11-08 23:00,15.299103869693418
2025-11-09 00:00,5.804200205211718
2025-11-09 01:00,7.301442492548254
2025-11-09 02:00,8.586109232993627
2025-11-09 03:00,5.145466839477229
2025-11-09 04:00,4.0611001177503585
2025-11-09 05:00,9.147153399227399
2025-11-09 06:00,13.729646184355941
2025-11-09 07:00,9.892964392953195
2025-11-09 08:00,7.919677202515443
2025-11-09 09:00,8.796990930493156
2025-11-09 10:00,11.935309525939028
2025-11-09 11:00,18.199783042674785
2025-11-09 12:00,29.206479828966
2025-11-09 13:00,29.053117983340407
2025-11-09 14:00,28.914602142190464
2025-11-09 15:00,25.486678200950404
2025-11-09 16:00,22.904556253509384
2025-11-09 17:00,20.350174208051676
2025-11-09 18:00,12.720169780769385
2025-11-09 19:00,27.520916059735136
2025-11-09 20:00,41.93961833918964
2025-11-09 21:00,53.26660712887348
2025-11-09 22:00,57.297846096933476
2025-11-09 23:00,57.34716384973333
2025-11-10 00:00,58.378244434930544
2025-11-10 01:00,58.47422594701488
2025-11-10 02:00,57.31935659111807
2025-11-10 03:00,57.95651155247881
2025-11-10 04:00,50.36391345231556
2025-11-10 05:00,34.16651785110403
2025-11-10 06:00,28.442190762766327
2025-11-10 07:00,34.632862094670486
2025-11-10 08:00,47.76935273488487
2025-11-10 09:00,51.533560741674954
2025-11-10 10:00,52.495089096221356
2025-11-10 11:00,50.75406304447288
2025-11-10 12:00,49.14166197043074
2025-11-10 13:00,42.68072883553503
2025-11-10 14:00,41.90783804966492
2025-11-10 15:00,37.21275298609848
2025-11-10 16:00,31.456514235032845
2025-11-10 17:00,23.85799239469224
2025-11-10 18:00,21.32646398580083
2025-11-10 19:00,22.8795845250682
2025-11-10 20:00,24.488346497577034
2025-11-10 21:00,19.07990499824281
2025-11-10 22:00,12.11403827524233
2025-11-10 23:00,13.783015546933681
2025-11-11 00:00,7.247920204943039
2025-11-11 01:00,8.298055273794501
2025-11-11 02:00,13.209313935568956
2025-11-11 03:00,15.534201383175219
2025-11-11 04:00,16.068139190283127
2025-11-11 05:00,18.405053965207856
2025-11-11 06:00,16.523656395443183
2025-11-11 07:00,11.264492507203556
2025-11-11 08:00,9.370324060122876
2025-11-11 09:00,11.076753318350443
2025-11-11 10:00,8.139642520100015
2025-11-11 11:00,7.092175164304461
2025-11-11 12:00,9.834171701242973
2025-11-11 13:00,13.588717365986895
2025-11-11 14:00,15.836186191087565
2025-11-11 15:00,18.205860422983505
2025-11-11 16:00,18.96308349436817
2025-11-11 17:00,18.87285012721685
2025-11-11 18:00,13.463225577237608
2025-11-11 19:00,13.329641087254993
2025-11-11 20:00,10.789655364732422
2025-11-11 21:00,10.804066688978859
2025-11-11 22:00,8.480596816482072
2025-11-11 23:00,7.636660172818389
2025-11-12 00:00,5.637898867943275
2025-11-12 01:00,5.478125986509346
2025-11-12 02:00,6.164103883754155
2025-11-12 03:00,5.579447665739082
2025-11-12 04:00,3.4748991097193533
2025-11-12 05:00,5.326616352190214
2025-11-12 06:00,5.602264802201728
2025-11-12 07:00,4.729426129004761
2025-11-12 08:00,3.7772065118522598
2025-11-12 09:00,2.1667025385755805
2025-11-12 10:00,1.3070144882033983
2025-11-12 11:00,0.5564863321020864
2025-11-12 12:00,0.3401872358402027
2025-11-12 13:00,0.3984262439861136
2025-11-12 14:00,0.6313765828609267
2025-11-12 15:00,2.5449440183688012
2025-11-12 16:00,4.1760279496503
2025-11-12 17:00,6.352810892142036
2025-11-12 18:00,7.351435347704597
2025-11-12 19:00,4.42675512059113
2025-11-12 20:00,3.67649489107205
2025-11-12 21:00,4.294565595487967
2025-11-12 22:00,4.799527126211118
2025-11-12 23:00,6.502287197783472
2025-11-13 00:00,6.338686928741694
2025-11-13 01:00,5.382480607959558
2025-11-13 02:00,5.679002812364742
2025-11-13 03:00,7.411027532950669
2025-11-13 04:00,6.2609486097095015
2025-11-13 05:00,7.219966793466352
2025-11-13 06:00,7.386536381313081
2025-11-13 07:00,6.668563130510461
2025-11-13 08:00,5.22959076072846
2025-11-13 09:00,4.149304405841545
2025-11-13 10:00,3.693733639044166
2025-11-13 11:00,3.3405237605077125
2025-11-13 12:00,2.943479610953629
2025-11-13 13:00,4.465164962074945
2025-11-13 14:00,8.337364044621403
2025-11-13 15:00,15.135500444181105
2025-11-13 16:00,19.356998785512666
2025-11-13 17:00,20.179829308812767
2025-11-13 18:00,21.42052749348919
2025-11-13 19:00,28.777883879338702
2025-11-13 20:00,29.608108470844712
2025-11-13 21:00,28.602841121484282
2025-11-13 22:00,17.727520063278625
2025-11-13 23:00,10.712673400206592
2025-11-14 00:00,11.146186146705427
2025-11-14 01:00,15.331540157941484
2025-11-14 02:00,19.642215716129712
2025-11-14 03:00,18.63509666024212
2025-11-14 04:00,14.409717389267579
2025-11-14 05:00,9.524063651132176
2025-11-14 06:00,9.06292299365004
2025-11-14 07:00,9.641288345846602
2025-11-14 08:00,8.989773159947742
2025-11-14 09:00,6.296914536014029
2025-11-14 10:00,11.739078437554394
2025-11-14 11:00,20.00922400508161
2025-11-14 12:00,25.860902118412582
2025-11-14 13:00,32.691328353878106
2025-11-14 14:00,29.907139224859723
2025-11-14 15:00,26.39396400599213
2025-11-14 16:00,23.150309264784713
2025-11-14 17:00,20.212394649590827
2025-11-14 18:00,14.99880255304767
2025-11-14 19:00,17.956945738905386
2025-11-14 20:00,18.670247286046372
2025-11-14 21:00,18.263819447820413
2025-11-14 22:00,15.689329215798509
2025-11-14 23:00,8.14027364622705
2025-11-15 00:00,5.914432108617901
2025-11-15 01:00,7.517123889543232
2025-11-15 02:00,8.107463963919393
2025-11-15 03:00,7.733765503409479
2025-11-15 04:00,7.803347760433359
2025-11-15 05:00,8.737345933275707
2025-11-15 06:00,8.730129448950505
2025-11-15 07:00,7.865959887395491
2025-11-15 08:00,7.186190092310113
2025-11-15 09:00,4.525865968565513
2025-11-15 10:00,3.85631589344953
2025-11-15 11:00,3.7384495785184035
2025-11-15 12:00,1.9981318224837752
2025-11-15 13:00,0.9822742924011483
2025-11-15 14:00,0.7466783878012446
2025-11-15 15:00,2.812274050485095
2025-11-15 16:00,4.825451085482499
2025-11-15 17:00,5.478798228992908
2025-11-15 18:00,4.303749011732184
2025-11-15 19:00,4.535552327270065
2025-11-15 20:00,4.980562655729472
2025-11-15 21:00,3.6338703957028855
2025-11-15 22:00,2.282350240181653
2025-11-15 23:00,2.7521697406996686
2025-11-16 00:00,3.8178081817150424
2025-11-16 01:00,4.407807021846866
2025-11-16 02:00,4.487334678327962
2025-11-16 03:00,4.498391298876735
2025-11-16 04:00,4.091560138080379
2025-11-16 05:00,3.3522809929545705
2025-11-16 06:00,4.31048159701263
2025-11-16 07:00,4.099415448547375
2025-11-16 08:00,3.1882672735885493
2025-11-16 09:00,1.8774448248557871
2025-11-16 10:00,0.9988332976702963
2025-11-16 11:00,1.1819448641077577
2025-11-16 12:00,2.593750156617337
2025-11-16 13:00,8.131680627254262
2025-11-16 14:00,6.650705656691315
2025-11-16 15:00,10.400732667124702
2025-11-16 16:00,11.085760679141806
2025-11-16 17:00,5.735166735532603
2025-11-16 18:00,11.792693770986453
2025-11-16 19:00,8.947509437921324
2025-11-16 20:00,13.720848431573437
2025-11-16 21:00,18.588203430256456
2025-11-16 22:00,23.39386176123909
2025-11-16 23:00,14.350385400897432
2025-11-17 00:00,33.281181831356136
2025-11-17 01:00,46.89249599949341
2025-11-17 02:00,54.70537889003931
2025-11-17 03:00,52.81939043420755
2025-11-17 04:00,53.774813821848404
2025-11-17 05:00,54.229046315095175
2025-11-17 06:00,52.568439942894486
2025-11-17 07:00,47.824071095915755
2025-11-17 08:00,49.65191805875504
2025-11-17 09:00,50.31838976170878
2025-11-17 10:00,46.24082090240164
2025-11-17 11:00,52.15191645939562
2025-11-17 12:00,50.193547381647335
2025-11-17 13:00,52.408110412628105
2025-11-17 14:00,51.481968865325314
2025-11-17 15:00,48.565498316498015
2025-11-17 16:00,53.35589058835684
2025-11-17 17:00,55.29795156581965
2025-11-17 18:00,56.30396056815902
2025-11-17 19:00,56.75272217856593
2025-11-17 20:00,56.45949699303369
2025-11-17 21:00,55.797539087514096
2025-11-17 22:00,55.524237896116354
2025-11-17 23:00,52.9384889671382
2025-11-18 00:00,57.63989277517692
2025-11-18 01:00,56.5748197021729
2025-11-18 02:00,55.36389229918122
2025-11-18 03:00,53.6967241824563
2025-11-18 04:00,48.96915889858471
2025-11-18 05:00,51.03771287743959
2025-11-18 06:00,52.456980465039955
2025-11-18 07:00,39.72259996330342
2025-11-18 08:00,30.181795481784683
2025-11-18 09:00,23.731180407194522
2025-11-18 10:00,38.7849537578149
2025-11-18 11:00,41.41664321107669
2025-11-18 12:00,45.39191114475628
2025-11-18 13:00,36.14905958633759
2025-11-18 14:00,27.53817626072573
2025-11-18 15:00,33.469863306355606
2025-11-18 16:00,35.66187096227928
2025-11-18 17:00,46.90158724956552
2025-11-18 18:00,37.332451528468084
2025-11-18 19:00,25.160873814377076
2025-11-18 20:00,9.347944355563472
2025-11-18 21:00,19.237452879899163
2025-11-18 22:00,23.70740677153574
2025-11-18 23:00,21.401703005250376
2025-11-19 00:00,5.569596581828132
2025-11-19 01:00,2.200602965867363
2025-11-19 02:00,4.798510646749199
2025-11-19 03:00,6.495312789524507
2025-11-19 04:00,8.980090536527314
2025-11-19 05:00,7.590902858563815
2025-11-19 06:00,4.343486518207261
2025-11-19 07:00,2.3292598161364357
2025-11-19 08:00,1.5307297944998806
2025-11-19 09:00,0.8838067285370612
2025-11-19 10:00,1.0787956627795114
2025-11-19 11:00,4.209051486186938
2025-11-19 12:00,6.8942146076517
2025-11-19 13:00,7.9599487873742145
2025-11-19 14:00,8.742457231665425
2025-11-19 15:00,8.20595216715041
2025-11-19 16:00,11.203065733225056
2025-11-19 17:00,8.271612874699496
2025-11-19 18:00,3.493337810184135
2025-11-19 19:00,2.0208135638780775
2025-11-19 20:00,1.751887490492041
2025-11-19 21:00,1.7448594704857459
2025-11-19 22:00,1.3679441897739932
2025-11-19 23:00,0.7956444345715165
2025-11-20 00:00,1.6282527676860683
2025-11-20 01:00,1.4067571989661014
2025-11-20 02:00,1.2824525707553318
2025-11-20 03:00,1.1895759959262349
2025-11-20 04:00,2.125528169710939
2025-11-20 05:00,5.390845772113371
2025-11-20 06:00,6.3858834623550855
2025-11-20 07:00,5.556055800225394
2025-11-20 08:00,6.435312932494364
2025-11-20 09:00,6.3159244163730826
2025-11-20 10:00,9.450400860906573
2025-11-20 11:00,13.460694211491967
2025-11-20 12:00,16.948851857193354
2025-11-20 13:00,16.608293327436687
2025-11-20 14:00,21.82628187465266
2025-11-20 15:00,24.913157269072357
2025-11-20 16:00,22.157062819537984
2025-11-20 17:00,14.767430199325442
2025-11-20 18:00,10.422889141873764
2025-11-20 19:00,11.418745994837154
2025-11-20 20:00,21.522423460944122
2025-11-20 21:00,29.29852352529719
2025-11-20 22:00,38.39434772668518
2025-11-20 23:00,35.986880497137605
2025-11-21 00:00,33.46226701129059
2025-11-21 01:00,22.921731070275758
2025-11-21 02:00,17.50856119424404
2025-11-21 03:00,10.07246875027667
2025-11-21 04:00,6.247863330511797
2025-11-21 05:00,5.377710482503215
2025-11-21 06:00,5.874655617141405
2025-11-21 07:00,3.7258945375075556
2025-11-21 08:00,1.521685975230935
2025-11-21 09:00,1.259536605007668
2025-11-21 10:00,1.0049704741529153
2025-11-21 11:00,1.311665120271968
2025-11-21 12:00,5.033669334528273
2025-11-21 13:00,7.42824546834988
2025-11-21 14:00,10.547085778886451
2025-11-21 15:00,13.672343619667682
2025-11-21 16:00,9.676817032746566
2025-11-21 17:00,11.01027283134205
2025-11-21 18:00,5.312294735200665
2025-11-21 19:00,4.340041272082544
2025-11-21 20:00,3.0334150537866065
2025-11-21 21:00,2.813392218712575
2025-11-21 22:00,3.679499791319354
2025-11-21 23:00,6.207048151051602
2025-11-22 00:00,6.387902107994163
2025-11-22 01:00,8.868444325636457
2025-11-22 02:00,6.978436174080643
2025-11-22 03:00,5.230037732545649
2025-11-22 04:00,3.4225293483178865
2025-11-22 05:00,5.1079916071827896
2025-11-22 06:00,4.4610957856139315
2025-11-22 07:00,3.692065378909133
2025-11-22 08:00,2.62025764861121
2025-11-22 09:00,1.25276699406531
2025-11-22 10:00,0.8298563429504457
2025-11-22 11:00,2.558716985669192
2025-11-22 12:00,4.281363967892276
2025-11-22 13:00,6.5978223844265695
2025-11-22 14:00,7.468023600599694
2025-11-22 15:00,9.93302429908416
2025-11-22 16:00,8.026172843420431
2025-11-22 17:00,3.9057702608117193
2025-11-22 18:00,2.5843745456711593
2025-11-22 19:00,3.037393479359175
2025-11-22 20:00,6.212334108275348
2025-11-22 21:00,5.698681733237253
2025-11-22 22:00,5.622603418018396
2025-11-22 23:00,4.602502913493924
2025-11-23 00:00,5.9575150939057036
2025-11-23 01:00,5.557026201247538
2025-11-23 02:00,7.124232763725153
2025-11-23 03:00,8.687235950217703
2025-11-23 04:00,12.654645553244052
2025-11-23 05:00,14.359085852502258
2025-11-23 06:00,18.737365640255433
2025-11-23 07:00,17.088285645742303
2025-11-23 08:00,14.861264312170476
2025-11-23 09:00,13.786709914698623
2025-11-23 10:00,17.046070241918
2025-11-23 11:00,19.23431996249007
2025-11-23 12:00,14.74426281453583
2025-11-23 13:00,13.582084617547432
2025-11-23 14:00,14.155603750221095
2025-11-23 15:00,16.720897320154684
2025-11-23 16:00,15.73217937517299
2025-11-23 17:00,17.16475101277368
2025-11-23 18:00,15.26125913865088
2025-11-23 19:00,18.16422202981694
2025-11-23 20:00,23.64928511199636
2025-11-23 21:00,25.220634573883203
2025-11-23 22:00,20.839309480113606
2025-11-23 23:00,18.531743426099105
2025-11-24 00:00,17.839784427681703
2025-11-24 01:00,16.535006943183614
2025-11-24 02:00,16.05777161891234
2025-11-24 03:00,16.305326173032405
2025-11-24 04:00,18.14765708884874
2025-11-24 05:00,22.414746762742446
2025-11-24 06:00,22.713788267756172
2025-11-24 07:00,21.58053889265434
2025-11-24 08:00,23.84740335228713
2025-11-24 09:00,29.855555322733725
2025-11-24 10:00,27.077150672814067
2025-11-24 11:00,24.01936970073869
2025-11-24 12:00,18.105197322715046
2025-11-24 13:00,22.267005822111045
2025-11-24 14:00,20.421731593133813
2025-11-24 15:00,18.521875533735784
2025-11-24 16:00,13.654728424394577
2025-11-24 17:00,12.705452954237476
2025-11-24 18:00,12.635477151340472
2025-11-24 19:00,11.398150687981756
2025-11-24 20:00,9.724441352369158
2025-11-24 21:00,10.381882045786151
2025-11-24 22:00,12.000137158528759
2025-11-24 23:00,11.802654027936422
2025-11-25 00:00,12.1795090360257
2025-11-25 01:00,12.770622935607973
2025-11-25 02:00,13.316919370324557
2025-11-25 03:00,14.897278199352305
2025-11-25 04:00,15.636389616740303
2025-11-25 05:00,20.885123200192265
2025-11-25 06:00,17.71035090857612
2025-11-25 07:00,44.90723521642352
2025-11-25 08:00,50.97980232638569
2025-11-25 09:00,55.24863541833406
2025-11-25 10:00,55.1006953765836
2025-11-25 11:00,54.42728090656517
2025-11-25 12:00,56.231678976166414
2025-11-25 13:00,53.18713231051898
2025-11-25 14:00,56.57049242906685
2025-11-25 15:00,56.08324534855361
2025-11-25 16:00,54.49736465933352
2025-11-25 17:00,56.97269469102871
2025-11-25 18:00,56.41240320414118
2025-11-25 19:00,57.29479869327924
2025-11-25 20:00,57.51790180776508
2025-11-25 21:00,52.537399875925104
2025-11-25 22:00,47.930882064185035
2025-11-25 23:00,37.276163523273254
2025-11-26 00:00,29.839770284259938
2025-11-26 01:00,21.198986086250752
2025-11-26 02:00,12.915080967470344
2025-11-26 03:00,6.090189756150938
2025-11-26 04:00,2.6713053046085258
2025-11-26 05:00,5.118127306032044
2025-11-26 06:00,6.481338140739605
2025-11-26 07:00,5.108673573450939
2025-11-26 08:00,2.500657383165888
2025-11-26 09:00,2.944010601416573
2025-11-26 10:00,2.479809092824214
2025-11-26 11:00,2.8065877827700314
2025-11-26 12:00,3.1754518218106407
2025-11-26 13:00,3.1803236130141204
2025-11-26 14:00,4.261371450948547
2025-11-26 15:00,4.931591637347575
2025-11-26 16:00,5.575190657304044
2025-11-26 17:00,3.743152419526514
2025-11-26 18:00,3.3365309644577716
2025-11-26 19:00,1.5843215229088674
2025-11-26 20:00,1.2315417032479739
2025-11-26 21:00,1.1769802234750812
2025-11-26 22:00,1.665899340441278
2025-11-26 23:00,6.427322103410914
2025-11-27 00:00,10.98459750585168
2025-11-27 01:00,19.537231460892023
2025-11-27 02:00,26.449247314651583
2025-11-27 03:00,42.11774185945991
2025-11-27 04:00,47.95209165547573
2025-11-27 05:00,52.699154251414086
2025-11-27 06:00,48.14541992493154
2025-11-27 07:00,47.000789298426554
2025-11-27 08:00,50.14692716936185
2025-11-27 09:00,46.99664621130689
2025-11-27 10:00,51.016987121113914
2025-11-27 11:00,54.001350933636914
2025-11-27 12:00,56.67835621222812
2025-11-27 13:00,54.35610147160645
2025-11-27 14:00,53.88849054078111
2025-11-27 15:00,53.279900544260585
2025-11-27 16:00,50.35894626571816
2025-11-27 17:00,53.806600352917854
2025-11-27 18:00,57.46983250160731
2025-11-27 19:00,57.39815574147988
2025-11-27 20:00,57.135231645202175
2025-11-27 21:00,58.392232316973256
2025-11-27 22:00,58.60525962922911
2025-11-27 23:00,56.12288531578498
2025-11-28 00:00,54.140156317457
2025-11-28 01:00,53.66818534220353
2025-11-28 02:00,51.66083342826118
2025-11-28 03:00,46.45053801830494
2025-11-28 04:00,47.86937618614069
2025-11-28 05:00,38.645216421691686
2025-11-28 06:00,34.70525066082328
2025-11-28 07:00,27.731203092914036
2025-11-28 08:00,23.32157507133326
2025-11-28 09:00,20.572244033492872
2025-11-28 10:00,13.769997753518345
2025-11-28 11:00,13.279495522421543
2025-11-28 12:00,13.836965400883404
2025-11-28 13:00,13.955032259075896
2025-11-28 14:00,13.729371893050361
2025-11-28 15:00,14.298278791048228
2025-11-28 16:00,11.687120305458318
2025-11-28 17:00,7.700979104829552
2025-11-28 18:00,2.309482016640713
2025-11-28 19:00,3.0026883293422117
2025-11-28 20:00,6.334722164897224
2025-11-28 21:00,9.502212316722629
2025-11-28 22:00,6.165130005307854
2025-11-28 23:00,4.572291080310459
2025-11-29 00:00,3.581954885007976
2025-11-29 01:00,4.9186756966050815
2025-11-29 02:00,7.003334273737533
2025-11-29 03:00,8.404007805890341
2025-11-29 04:00,6.400618387168863
2025-11-29 05:00,7.495711914532292
2025-11-29 06:00,9.450904737139606
2025-11-29 07:00,8.501076266191795
2025-11-29 08:00,9.392195888355904
2025-11-29 09:00,5.8470661892516596
2025-11-29 10:00,10.33035349479423
2025-11-29 11:00,22.81739787422128
2025-11-29 12:00,30.23587861471757
2025-11-29 13:00,39.203845285645194
2025-11-29 14:00,45.507369222574525
2025-11-29 15:00,42.02094614989399
2025-11-29 16:00,40.00902762139379
2025-11-29 17:00,35.88277542023101
2025-11-29 18:00,34.23163387529083
2025-11-29 19:00,36.37416529186981
2025-11-29 20:00,38.50992648262383
2025-11-29 21:00,38.857559825869984
2025-11-29 22:00,34.612750480063326
2025-11-29 23:00,42.38283878658082
2025-11-30 00:00,43.054621357822406
2025-11-30 01:00,41.01166572942316
2025-11-30 02:00,38.523221342070165
2025-11-30 03:00,34.23094670946414
2025-11-30 04:00,28.81669041510752
2025-11-30 05:00,23.8536375192376
2025-11-30 06:00,22.770573078501737
2025-11-30 07:00,21.559365581975914
2025-11-30 08:00,22.242468329677973
2025-11-30 09:00,23.062638040069448
2025-11-30 10:00,22.350544605944183
2025-11-30 11:00,21.287323823619445
2025-11-30 12:00,24.777024487367402
2025-11-30 13:00,27.97380883639511
2025-11-30 14:00,29.598140665147618
2025-11-30 15:00,29.847509559606024
2025-11-30 16:00,29.074527097215455
2025-11-30 17:00,30.66966177361516
2025-11-30 18:00,34.82043660767569
2025-11-30 19:00,34.22226063840956
2025-11-30 20:00,30.69332168954401
2025-11-30 21:00,25.07284014100933
2025-11-30 22:00,17.704856455450628
2025-11-30 23:00,18.583500620725392
2025-12-01 00:00,26.675845280152892
2025-12-01 01:00,37.1316161388775
2025-12-01 02:00,30.812868618279357
2025-12-01 03:00,26.911305031664195
2025-12-01 04:00,31.450400821834798
2025-12-01 05:00,27.57766213635512
2025-12-01 06:00,28.51284797481133
2025-12-01 07:00,24.438948697817374
2025-12-01 08:00,19.014952363049403
2025-12-01 09:00,21.95222984343761
2025-12-01 10:00,22.56599199920734
2025-12-01 11:00,27.02046529080683
2025-12-01 12:00,30.954187744212277
2025-12-01 13:00,30.669842041172362
2025-12-01 14:00,30.170788140410934
2025-12-01 15:00,33.051100088058405
2025-12-01 16:00,28.31810511841989
2025-12-01 17:00,22.030064394436724
2025-12-01 18:00,21.526898049089205
2025-12-01 19:00,22.23839552055876
2025-12-01 20:00,24.004300894942443
2025-12-01 21:00,27.373623214381194
2025-12-01 22:00,26.914826210515074
2025-12-01 23:00,23.097516427697244
2025-12-02 00:00,31.61722774079784
2025-12-02 01:00,36.380925219315245
2025-12-02 02:00,36.67467089158884
2025-12-02 03:00,31.695842449559223
2025-12-02 04:00,29.10372784390945
2025-12-02 05:00,26.637764312132717
2025-12-02 06:00,29.921969710091194
2025-12-02 07:00,31.367014449199342
2025-12-02 08:00,43.44713430763257
2025-12-02 09:00,46.61577619939084
2025-12-02 10:00,44.772095852420065
2025-12-02 11:00,42.70375911146312
2025-12-02 12:00,42.897052941251644
2025-12-02 13:00,41.24562153417371
2025-12-02 14:00,42.69852590610703
2025-12-02 15:00,42.887757789935826
2025-12-02 16:00,44.08141584892542
2025-12-02 17:00,42.08442824423342
2025-12-02 18:00,41.851235087335255
2025-12-02 19:00,40.58725493027326
2025-12-02 20:00,41.67107303369704
2025-12-02 21:00,40.98180611041774
2025-12-02 22:00,28.337918570833263
2025-12-02 23:00,23.607720164348528
2025-12-03 00:00,44.60773973754407
2025-12-03 01:00,54.96962936536075
2025-12-03 02:00,58.672778400976526
2025-12-03 03:00,55.08771787488398
2025-12-03 04:00,56.79090517075046
2025-12-03 05:00,54.776249529731956
2025-12-03 06:00,53.838356510355105
2025-12-03 07:00,34.97172654829618
2025-12-03 08:00,20.45079079504068
2025-12-03 09:00,19.36720243183313
2025-12-03 10:00,34.19081150277712
2025-12-03 11:00,49.033932040591665
2025-12-03 12:00,45.794709327738865
2025-12-03 13:00,43.926713500337065
2025-12-03 14:00,42.859788071743104
2025-12-03 15:00,53.31694049098582
2025-12-03 16:00,51.96391943690614
2025-12-03 17:00,56.16510825301046
2025-12-03 18:00,57.592960543129
2025-12-03 19:00,54.4350125311476
2025-12-03 20:00,52.724140219689154
2025-12-03 21:00,50.84730709691916
2025-12-03 22:00,50.834006538006406
2025-12-03 23:00,40.02902844741807
2025-12-04 00:00,39.04511876635014
2025-12-04 01:00,35.342493952712374
2025-12-04 02:00,30.008348681862014
2025-12-04 03:00,24.374811666426247
2025-12-04 04:00,19.434391963575067
2025-12-04 05:00,14.63750266759755
2025-12-04 06:00,9.535937793643598
2025-12-04 07:00,5.155522718031597
2025-12-04 08:00,4.913178839630706
2025-12-04 09:00,7.409879802781061
2025-12-04 10:00,6.487463599835301
2025-12-04 11:00,6.8187651518294174
2025-12-04 12:00,4.32817869936302
2025-12-04 13:00,3.6026915369882353
2025-12-04 14:00,6.393910401396289
2025-12-04 15:00,9.316405407665878
2025-12-04 16:00,12.042886612615431
2025-12-04 17:00,31.882432405039616
2025-12-04 18:00,29.878698746733658
2025-12-04 19:00,46.03409620771653
2025-12-04 20:00,51.452100531590226
2025-12-04 21:00,58.047788969325794
2025-12-04 22:00,58.076614513883904
2025-12-04 23:00,58.974901474810224
2025-12-05 00:00,60.304464762656416
2025-12-05 01:00,56.58006037989292
2025-12-05 02:00,55.43273536259193
2025-12-05 03:00,53.323536830802624
2025-12-05 04:00,50.12419088767135
2025-12-05 05:00,47.753676909988904
2025-12-05 06:00,37.354139303606246
2025-12-05 07:00,31.02756411903745
2025-12-05 08:00,25.106944185563727
2025-12-05 09:00,21.521685469590075
2025-12-05 10:00,13.767062337815492
2025-12-05 11:00,14.25973216064916
2025-12-05 12:00,14.323880396880375
2025-12-05 13:00,14.019388242748992
2025-12-05 14:00,20.17786084005146
2025-12-05 15:00,21.439982374919616
2025-12-05 16:00,20.6859617147022
2025-12-05 17:00,18.17563284135306
2025-12-05 18:00,13.90715057817048
2025-12-05 19:00,8.948685611902393
2025-12-05 20:00,5.984766536713482
2025-12-05 21:00,4.601883523287844
2025-12-05 22:00,3.8356628801698194
2025-12-05 23:00,5.685306712087554
2025-12-06 00:00,4.919153703107431
2025-12-06 01:00,4.942486363900776
2025-12-06 02:00,4.253170235887923
2025-12-06 03:00,4.913022260068017
2025-12-06 04:00,6.210856833799502
2025-12-06 05:00,4.646098357686497
2025-12-06 06:00,4.600768121697913
2025-12-06 07:00,5.586185244007102
2025-12-06 08:00,7.656625456920784
2025-12-06 09:00,7.595495676858852
2025-12-06 10:00,6.6134256850905855
2025-12-06 11:00,9.613763808474435
2025-12-06 12:00,29.37789257469338
2025-12-06 13:00,40.66328090953498
2025-12-06 14:00,39.612044910405615
2025-12-06 15:00,35.26996253233834
2025-12-06 16:00,33.45170981664898
2025-12-06 17:00,32.72897081881386
2025-12-06 18:00,34.013737710188536
2025-12-06 19:00,38.799950148613846
2025-12-06 20:00,41.43860475413476
2025-12-06 21:00,41.692441025554224
2025-12-06 22:00,40.582863285505866
2025-12-06 23:00,40.50676517047751
2025-12-07 00:00,41.99494353047366
2025-12-07 01:00,40.41256794981884
2025-12-07 02:00,34.91805970837558
2025-12-07 03:00,33.11696099792856
2025-12-07 04:00,30.080206590161914
2025-12-07 05:00,26.456217561951238
2025-12-07 06:00,25.369001917316005
2025-12-07 07:00,26.058600428485626
2025-12-07 08:00,26.46783514230286
2025-12-07 09:00,21.529193143039006
2025-12-07 10:00,23.355036424352125
2025-12-07 11:00,21.63575689942772
2025-12-07 12:00,25.044472937333282
2025-12-07 13:00,28.569013766511844
2025-12-07 14:00,30.752050695975743
2025-12-07 15:00,30.50523954955466
2025-12-07 16:00,32.642451644120484
2025-12-07 17:00,27.724072011548383
2025-12-07 18:00,24.856815990668125
2025-12-07 19:00,34.22560564414747
2025-12-07 20:00,45.754722610688916
2025-12-07 21:00,42.94846729042986
2025-12-07 22:00,46.36048333175352
2025-12-07 23:00,49.297129909749444
2025-12-08 00:00,52.72028433179765
2025-12-08 01:00,52.05001939294098
2025-12-08 02:00,52.10358047606822
2025-12-08 03:00,50.863748252168556
2025-12-08 04:00,50.69989473616083
2025-12-08 05:00,40.644073821080454
2025-12-08 06:00,46.03372628089104
2025-12-08 07:00,36.548751187781434
2025-12-08 08:00,37.77928928687218
2025-12-08 09:00,39.57029902987475
2025-12-08 10:00,41.20534956443622
2025-12-08 11:00,43.04984436766391
2025-12-08 12:00,39.7961037070958
2025-12-08 13:00,38.40368635790453
2025-12-08 14:00,36.941287020702006
2025-12-08 15:00,37.228384593302046
2025-12-08 16:00,31.96610608215441
2025-12-08 17:00,26.32375143545723
2025-12-08 18:00,23.10350473762904
2025-12-08 19:00,23.756142330192556
2025-12-08 20:00,22.259837690725288
2025-12-08 21:00,12.75460471731054
2025-12-08 22:00,9.223122857414708
2025-12-08 23:00,6.45072036091444
2025-12-09 00:00,7.950095429634678
2025-12-09 01:00,7.00283895160042
2025-12-09 02:00,11.843478638915087
2025-12-09 03:00,9.611936991335803
2025-12-09 04:00,7.967612393560476
2025-12-09 05:00,5.466597431808283
2025-12-09 06:00,5.427432065814022
2025-12-09 07:00,5.636361066165727
2025-12-09 08:00,4.444247442185935
2025-12-09 09:00,2.842619046022908
2025-12-09 10:00,2.1818286933493836
2025-12-09 11:00,1.5859594919592654
2025-12-09 12:00,4.212064897983202
2025-12-09 13:00,4.280134374560223
2025-12-09 14:00,6.027868744048283
2025-12-09 15:00,5.475260211349123
2025-12-09 16:00,5.483427803408388
2025-12-09 17:00,4.627789701997029
2025-12-09 18:00,3.9657814916588743
2025-12-09 19:00,4.604219373708051
2025-12-09 20:00,5.1815577982953105
2025-12-09 21:00,4.71266538828707
2025-12-09 22:00,7.395173853339365
2025-12-09 23:00,8.684456630340199
2025-12-10 00:00,10.797447483948668
2025-12-10 01:00,12.121160942454928
2025-12-10 02:00,8.664632626522865
2025-12-10 03:00,6.265642279553314
2025-12-10 04:00,4.93114446085893
2025-12-10 05:00,4.502168963011653
2025-12-10 06:00,4.194211996741791
2025-12-10 07:00,4.804176700777706
2025-12-10 08:00,5.635299997753745
2025-12-10 09:00,2.8608984759161316
2025-12-10 10:00,2.5966534625911097
2025-12-10 11:00,2.5629944308778367
2025-12-10 12:00,2.5138521828035527
2025-12-10 13:00,3.176317680924026
2025-12-10 14:00,4.16740540036252
2025-12-10 15:00,4.591690101967262
2025-12-10 16:00,4.515614769222026
2025-12-10 17:00,4.522147825917371
2025-12-10 18:00,4.690786369739528
2025-12-10 19:00,4.622405676108633
2025-12-10 20:00,5.326898069109339
2025-12-10 21:00,6.189582706632051
2025-12-10 22:00,5.694605522161924
2025-12-10 23:00,10.866682827808459
2025-12-11 00:00,15.953221695261359
2025-12-11 01:00,15.05303691589232
2025-12-11 02:00,21.926834417949173
2025-12-11 03:00,28.59104584912715
2025-12-11 04:00,41.007736428647576
2025-12-11 05:00,37.6222011459456
2025-12-11 06:00,40.223133183776575
2025-12-11 07:00,31.009460791907784
2025-12-11 08:00,27.40792387827467
2025-12-11 09:00,29.5472444694207
2025-12-11 10:00,27.800452443304987
2025-12-11 11:00,47.29074797219434
2025-12-11 12:00,53.19442248551371
2025-12-11 13:00,56.22603250172155
2025-12-11 14:00,56.20990416568243
2025-12-11 15:00,55.789598466515685
2025-12-11 16:00,54.168595968479245
2025-12-11 17:00,54.37103713566399
2025-12-11 18:00,55.961347697483795
2025-12-11 19:00,55.143987556209154
2025-12-11 20:00,55.077451648518846
2025-12-11 21:00,54.721481318539574
2025-12-11 22:00,54.53368004706406
2025-12-11 23:00,49.92959208374575
2025-12-12 00:00,41.77146723790389
2025-12-12 01:00,38.24832403485772
2025-12-12 02:00,37.49674492431619
2025-12-12 03:00,33.36169032099254
2025-12-12 04:00,21.661225806620344
2025-12-12 05:00,16.98184006256416
2025-12-12 06:00,17.976044452671005
2025-12-12 07:00,15.278998443800582
2025-12-12 08:00,12.685162530427428
2025-12-12 09:00,9.292236013554117
2025-12-12 10:00,6.2111037867937915
2025-12-12 11:00,4.372517357559783
2025-12-12 12:00,3.4699388407617513
2025-12-12 13:00,2.536898275037838
2025-12-12 14:00,2.0640233564455315
2025-12-12 15:00,2.756652131354847
2025-12-12 16:00,3.4476447667410404
2025-12-12 17:00,4.850904606354725
2025-12-12 18:00,4.7877999000295715
2025-12-12 19:00,4.2019918720557445
2025-12-12 20:00,5.635950393762663
2025-12-12 21:00,8.995261950169688
2025-12-12 22:00,10.10131835134138
2025-12-12 23:00,8.86027614659766
2025-12-13 00:00,10.648903783113852
2025-12-13 01:00,12.476236835797668
2025-12-13 02:00,11.381074707441114
2025-12-13 03:00,15.919518394308149
2025-12-13 04:00,10.06900899072004
2025-12-13 05:00,5.8779203953099435
2025-12-13 06:00,7.457083117963634
2025-12-13 07:00,7.556376857395792
2025-12-13 08:00,8.454047102093266
2025-12-13 09:00,9.180671083281624
2025-12-13 10:00,6.849677482901519
2025-12-13 11:00,6.141905405103507
2025-12-13 12:00,6.387867298434887
2025-12-13 13:00,8.013514687362003
2025-12-13 14:00,6.716905536765965
2025-12-13 15:00,8.811955850227442
2025-12-13 16:00,16.57089325399061
2025-12-13 17:00,30.639662794742893
2025-12-13 18:00,32.72136492228316
2025-12-13 19:00,33.33060514785752
2025-12-13 20:00,29.046515990204696
2025-12-13 21:00,23.707386031415144
2025-12-13 22:00,18.46628495555305
2025-12-13 23:00,13.156515300485752
2025-12-14 00:00,10.837926713935211
2025-12-14 01:00,16.587779533533634
2025-12-14 02:00,30.792298049407258
2025-12-14 03:00,37.392514779213
2025-12-14 04:00,30.0223960220984
2025-12-14 05:00,18.2669934119898
2025-12-14 06:00,13.14891534830847
2025-12-14 07:00,12.347630416029562
2025-12-14 08:00,30.03787424914139
2025-12-14 09:00,43.976299878305014
2025-12-14 10:00,50.77849870566885
2025-12-14 11:00,53.586382129062045
2025-12-14 12:00,55.19427952630982
2025-12-14 13:00,53.92963165397857
2025-12-14 14:00,53.25112283382722
2025-12-14 15:00,51.700882532801955
2025-12-14 16:00,47.59628912215052
2025-12-14 17:00,43.87658036387864
2025-12-14 18:00,39.13582810178849
2025-12-14 19:00,44.57403313856572
2025-12-14 20:00,41.142013280566545
2025-12-14 21:00,27.354885097042438
2025-12-14 22:00,31.48088158663569
2025-12-14 23:00,16.726662704325033
2025-12-15 00:00,10.618853104351635
2025-12-15 01:00,8.797701502546074
2025-12-15 02:00,9.308830559089538
2025-12-15 03:00,10.44272973023366
2025-12-15 04:00,8.418707298381245
2025-12-15 05:00,8.736134040112283
2025-12-15 06:00,10.694003148105615
2025-12-15 07:00,8.5764197627227
2025-12-15 08:00,7.875026021186612
2025-12-15 09:00,5.326362688991351
2025-12-15 10:00,2.704871446902974
2025-12-15 11:00,2.305098582556804
2025-12-15 12:00,3.39976734357279
2025-12-15 13:00,6.474416159884492
2025-12-15 14:00,7.818400943161145
2025-12-15 15:00,6.587856446373862
2025-12-15 16:00,4.540428338760346
2025-12-15 17:00,3.7204699188285875
2025-12-15 18:00,3.652179844436004
2025-12-15 19:00,7.527408404745114
2025-12-15 20:00,11.766356342334298
2025-12-15 21:00,14.966680309088623
2025-12-15 22:00,28.6289053279347
2025-12-15 23:00,20.882454403913897
2025-12-16 00:00,15.344192594667817
2025-12-16 01:00,15.1330117083326
2025-12-16 02:00,16.55648785921405
2025-12-16 03:00,17.49221505814056
2025-12-16 04:00,18.243069037111628
2025-12-16 05:00,20.50418913337466
2025-12-16 06:00,19.70866424306383
2025-12-16 07:00,18.321541605286534
2025-12-16 08:00,18.521617952240355
2025-12-16 09:00,22.380616027787717
2025-12-16 10:00,15.115079732237485
2025-12-16 11:00,18.162662576935972
2025-12-16 12:00,18.90182839524384
2025-12-16 13:00,17.80469191076123
2025-12-16 14:00,11.556916104286973
2025-12-16 15:00,9.815763619506003
2025-12-16 16:00,8.47548985369181
2025-12-16 17:00,10.933184563517091
2025-12-16 18:00,12.695883399324961
2025-12-16 19:00,13.586584137537237
2025-12-16 20:00,16.831483869441538
2025-12-16 21:00,18.62034290142991
2025-12-16 22:00,19.28858253303247
2025-12-16 23:00,19.151821763841948
2025-12-17 00:00,8.16875935487597
2025-12-17 01:00,7.641794711128805
2025-12-17 02:00,8.660108668723788
2025-12-17 03:00,10.221530567757346
2025-12-17 04:00,11.463362070507024
2025-12-17 05:00,13.213024746454485
2025-12-17 06:00,12.424717840619545
2025-12-17 07:00,19.415819313617348
2025-12-17 08:00,16.947470922692645
2025-12-17 09:00,21.53773819192498
2025-12-17 10:00,24.32533984640779
2025-12-17 11:00,36.15979067209951
2025-12-17 12:00,39.39164228358429
2025-12-17 13:00,41.409894843939455
2025-12-17 14:00,42.34126157905519
2025-12-17 15:00,39.80098004712468
2025-12-17 16:00,37.95096424219903
2025-12-17 17:00,32.30332886738323
2025-12-17 18:00,24.672688980817313
2025-12-17 19:00,19.50474179519248
2025-12-17 20:00,13.782435850404607
2025-12-17 21:00,8.105901524622904
2025-12-17 22:00,10.311383961780534
2025-12-17 23:00,7.898881304182444
2025-12-18 00:00,8.948132139284272
2025-12-18 01:00,8.50580239733826
2025-12-18 02:00,7.719106163105314
2025-12-18 03:00,10.118645266855633
2025-12-18 04:00,8.589105821431298
2025-12-18 05:00,8.891769484252217
2025-12-18 06:00,7.701260393974334
2025-12-18 07:00,8.063521669965382
2025-12-18 08:00,6.1137740199822845
2025-12-18 09:00,4.196253002688625
2025-12-18 10:00,4.059448351917698
2025-12-18 11:00,5.132183669135064
2025-12-18 12:00,4.2476707104123435
2025-12-18 13:00,5.425445833304303
2025-12-18 14:00,5.331967265509622
2025-12-18 15:00,8.186899710796997
2025-12-18 16:00,7.808501234135511
2025-12-18 17:00,6.1735120095315885
2025-12-18 18:00,3.2567494949251468
2025-12-18 19:00,3.688817101628591
2025-12-18 20:00,6.364215171149892
2025-12-18 21:00,5.481197785204981
2025-12-18 22:00,8.371571180649408
2025-12-18 23:00,9.246737731656246
2025-12-19 00:00,6.9882092885728815
2025-12-19 01:00,8.832129022966372
2025-12-19 02:00,8.723298773982721
2025-12-19 03:00,7.369788779808505
2025-12-19 04:00,5.068028165616308
2025-12-19 05:00,7.502146140797078
2025-12-19 06:00,6.895423792810369
2025-12-19 07:00,5.7180900217985915
2025-12-19 08:00,7.387798681758708
2025-12-19 09:00,5.519537926402271
2025-12-19 10:00,5.451811451940077
2025-12-19 11:00,5.6610070184737005
2025-12-19 12:00,5.701387891291535
2025-12-19 13:00,6.679568616355419
2025-12-19 14:00,8.442406813902751
2025-12-19 15:00,7.108903861189999
2025-12-19 16:00,5.584180680992112
2025-12-19 17:00,7.076828955829377
2025-12-19 18:00,9.81787577390527
2025-12-19 19:00,13.509502224737108
2025-12-19 20:00,16.36479112649706
2025-12-19 21:00,19.223726603693976
2025-12-19 22:00,19.52664193675151
2025-12-19 23:00,18.582024986583352
2025-12-20 00:00,24.360119088635685
2025-12-20 01:00,22.903365167829755
2025-12-20 02:00,25.3253167568966
2025-12-20 03:00,29.32039081763801
2025-12-20 04:00,37.631577629973435
2025-12-20 05:00,38.99076547733817
2025-12-20 06:00,39.39491226883506
2025-12-20 07:00,39.545559405508925
2025-12-20 08:00,37.87043595811595
2025-12-20 09:00,29.031326802608795
2025-12-20 10:00,24.221781207558546
2025-12-20 11:00,18.18520122719608
2025-12-20 12:00,14.16713329918767
2025-12-20 13:00,15.033019162503086
2025-12-20 14:00,17.0939104431481
2025-12-20 15:00,22.457601074883076
2025-12-20 16:00,21.370831760207018
2025-12-20 17:00,37.704340351308694
2025-12-20 18:00,43.64613108214875
2025-12-20 19:00,49.0649136182037
2025-12-20 20:00,45.07504469417847
2025-12-20 21:00,42.51872536070816
2025-12-20 22:00,45.74097443556837
2025-12-20 23:00,50.67057352696633
2025-12-21 00:00,46.5277943590081
2025-12-21 01:00,47.864719254716576
2025-12-21 02:00,52.52201721187744
2025-12-21 03:00,58.7141489632771
2025-12-21 04:00,58.21019931571534
2025-12-21 05:00,55.42152313257979
2025-12-21 06:00,53.738212414407755
2025-12-21 07:00,50.340501952885155
2025-12-21 08:00,49.68915802400075
2025-12-21 09:00,43.20824249656525
2025-12-21 10:00,38.79655882607555
2025-12-21 11:00,40.06455844886737
2025-12-21 12:00,51.11926769444974
2025-12-21 13:00,46.91688317733799
2025-12-21 14:00,47.62431213405598
2025-12-21 15:00,44.5730847784809
2025-12-21 16:00,45.77185086739976
2025-12-21 17:00,40.84736688602062
2025-12-21 18:00,36.056644105413994
2025-12-21 19:00,35.83916376529853
2025-12-21 20:00,32.00178077382327
2025-12-21 21:00,29.814316440981145
2025-12-21 22:00,28.756275492083837
2025-12-21 23:00,29.48833363186095
2025-12-22 00:00,29.519829835384982
2025-12-22 01:00,26.440493988396746
2025-12-22 02:00,23.646522327731333
2025-12-22 03:00,25.203693015600766
2025-12-22 04:00,24.875177006284975
2025-12-22 05:00,25.63771411769374
2025-12-22 06:00,26.056994065561238
2025-12-22 07:00,23.683794006475786
2025-12-22 08:00,24.51355528581881
2025-12-22 09:00,17.28168983068924
2025-12-22 10:00,9.194971421688805
2025-12-22 11:00,6.423049589982633
2025-12-22 12:00,4.131982480334436
2025-12-22 13:00,3.4204018038509787
2025-12-22 14:00,4.023577398093712
2025-12-22 15:00,5.689317031951006
2025-12-22 16:00,6.224015820417537
2025-12-22 17:00,5.175047379016981
2025-12-22 18:00,6.250489530019799
2025-12-22 19:00,6.33538589964819
2025-12-22 20:00,5.4139161353911085
2025-12-22 21:00,3.481890968634742
2025-12-22 22:00,3.047934979019192
2025-12-22 23:00,2.853144207036606
2025-12-23 00:00,4.579566378587086
2025-12-23 01:00,6.0082511217835375
2025-12-23 02:00,4.422826754664008
2025-12-23 03:00,3.8276669622170476
2025-12-23 04:00,6.0118021595808
2025-12-23 05:00,6.190409810639399
2025-12-23 06:00,7.771258895720288
2025-12-23 07:00,8.806662490106556
2025-12-23 08:00,7.659353464583658
2025-12-23 09:00,7.278491448843513
2025-12-23 10:00,6.310659238233311
2025-12-23 11:00,10.763125021469502
2025-12-23 12:00,14.17515693264074
2025-12-23 13:00,13.117805806868299
2025-12-23 14:00,11.796826306568079
2025-12-23 15:00,11.594559387452945
2025-12-23 16:00,23.37413768537381
2025-12-23 17:00,16.277859396529983
2025-12-23 18:00,12.48394038708582
2025-12-23 19:00,14.033598495001078
2025-12-23 20:00,13.74965710636856
2025-12-23 21:00,15.284977816212894
2025-12-23 22:00,19.92750185364417
2025-12-23 23:00,28.635523477277218
2025-12-24 00:00,29.19696417115987
2025-12-24 01:00,28.405122995456694
2025-12-24 02:00,29.582023531003447
2025-12-24 03:00,36.60916982058039
2025-12-24 04:00,39.61980045670292
2025-12-24 05:00,41.52206190680179
2025-12-24 06:00,39.7043585549187
2025-12-24 07:00,39.76886843794025
2025-12-24 08:00,39.2315403014531
2025-12-24 09:00,38.09288277324756
2025-12-24 10:00,33.86796042339943
2025-12-24 11:00,33.11039429882719
2025-12-24 12:00,33.61334473858603
2025-12-24 13:00,36.153064303086246
2025-12-24 14:00,35.44982694402508
2025-12-24 15:00,37.270337705791064
2025-12-24 16:00,41.36349533063444
2025-12-24 17:00,39.9433531726088
2025-12-24 18:00,43.38963708632192
2025-12-24 19:00,40.15915695562958
2025-12-24 20:00,38.27090879344231
2025-12-24 21:00,32.65175241243573
2025-12-24 22:00,30.012216642259173
2025-12-24 23:00,30.003878502284138
2025-12-25 00:00,32.78832971377517
2025-12-25 01:00,30.887326740396677
2025-12-25 02:00,30.70660751089931
2025-12-25 03:00,31.33000440241922
2025-12-25 04:00,32.79267611720246
2025-12-25 05:00,35.63098214804587
2025-12-25 06:00,39.07924481867284
2025-12-25 07:00,43.45564477258149
2025-12-25 08:00,45.07225240725683
2025-12-25 09:00,41.817845232696705
2025-12-25 10:00,51.97516473565008
2025-12-25 11:00,55.72988339781366
2025-12-25 12:00,55.424090591409275
2025-12-25 13:00,53.79890832523744
2025-12-25 14:00,52.81602722464289
2025-12-25 15:00,52.71275987344771
2025-12-25 16:00,53.42368728510835
2025-12-25 17:00,54.21259976827845
2025-12-25 18:00,54.7950514929526
2025-12-25 19:00,54.391672060752974
2025-12-25 20:00,58.77992621182256
2025-12-25 21:00,57.90604405944059
2025-12-25 22:00,59.02582105622739
2025-12-25 23:00,58.950072586490904
2025-12-26 00:00,55.63627495511136
2025-12-26 01:00,53.99127498983228
2025-12-26 02:00,54.5143712451003
2025-12-26 03:00,55.731511470021516
2025-12-26 04:00,54.76869104295845
2025-12-26 05:00,54.06096344737787
2025-12-26 06:00,53.65020820620911
2025-12-26 07:00,53.42998315732989
2025-12-26 08:00,54.673682409320215
2025-12-26 09:00,52.27188084966106
2025-12-26 10:00,51.5049886138316
2025-12-26 11:00,51.66256034988692
2025-12-26 12:00,50.019880326938164
2025-12-26 13:00,49.417053123012835
2025-12-26 14:00,48.063985150450584
2025-12-26 15:00,43.827864862533254
2025-12-26 16:00,46.155887059304646
2025-12-26 17:00,49.200372616882596
2025-12-26 18:00,43.395503869261226
2025-12-26 19:00,35.05663529948915
2025-12-26 20:00,29.176772011759038
2025-12-26 21:00,17.545980113261294
2025-12-26 22:00,7.322752996237414
2025-12-26 23:00,4.263758536297976
2025-12-27 00:00,9.511878629818723
2025-12-27 01:00,9.104524533566416
2025-12-27 02:00,5.128307107470998
2025-12-27 03:00,3.85905060799658
2025-12-27 04:00,3.027059416799537
2025-12-27 05:00,3.1347077792126967
2025-12-27 06:00,3.077632697714095
2025-12-27 07:00,3.643169430178347
2025-12-27 08:00,4.004231459407479
2025-12-27 09:00,4.613565467826511
2025-12-27 10:00,2.150282744235955
2025-12-27 11:00,1.6277612061212168
2025-12-27 12:00,1.308997127064833
2025-12-27 13:00,2.213767590861151
2025-12-27 14:00,3.225558041222589
2025-12-27 15:00,3.647379143734749
2025-12-27 16:00,3.387503981852665
2025-12-27 17:00,7.862305898405777
2025-12-27 18:00,6.059837074694746
2025-12-27 19:00,7.690829525159464
2025-12-27 20:00,8.073572467788754
2025-12-27 21:00,12.698695182163652
2025-12-27 22:00,11.722508798868798
2025-12-27 23:00,10.270006987397597
2025-12-28 00:00,18.773648243200192
2025-12-28 01:00,15.226792134233847
2025-12-28 02:00,13.230977690449725
2025-12-28 03:00,14.045807267617526
2025-12-28 04:00,9.51048605907164
2025-12-28 05:00,8.946459373536083
2025-12-28 06:00,9.00705668318761
2025-12-28 07:00,8.334316453281236
2025-12-28 08:00,10.866459699103011
2025-12-28 09:00,8.884794765105797
2025-12-28 10:00,7.213408642926995
2025-12-28 11:00,7.860408822515668
2025-12-28 12:00,8.263826173100641
2025-12-28 13:00,9.352421184760283
2025-12-28 14:00,9.822559924285535
2025-12-28 15:00,10.402640466767531
2025-12-28 16:00,13.15633134908205
2025-12-28 17:00,15.424605345091914
2025-12-28 18:00,22.315178506738352
2025-12-28 19:00,32.1261832201499
2025-12-28 20:00,38.42155795737657
2025-12-28 21:00,40.681258544628875
2025-12-28 22:00,39.18570822135037
2025-12-28 23:00,28.78502651754771
2025-12-29 00:00,21.05908333888334
2025-12-29 01:00,21.61132521838132
2025-12-29 02:00,23.662913371586267
2025-12-29 03:00,33.58561259929686
2025-12-29 04:00,38.1661765425445
2025-12-29 05:00,40.822136125381846
2025-12-29 06:00,41.461198879872384
2025-12-29 07:00,36.40630752793929
2025-12-29 08:00,31.063705517122457
2025-12-29 09:00,23.682817382513285
2025-12-29 10:00,24.84231901262488
2025-12-29 11:00,32.550006374615634
2025-12-29 12:00,37.749149781657785
2025-12-29 13:00,38.082025389587244
2025-12-29 14:00,33.532654590507725
2025-12-29 15:00,29.8269130225623
2025-12-29 16:00,24.98903634870298
2025-12-29 17:00,27.400053561973067
2025-12-29 18:00,26.087570969446194
2025-12-29 19:00,32.09206324458147
2025-12-29 20:00,35.88514590973722
2025-12-29 21:00,26.24582537603778
2025-12-29 22:00,22.80739499602254
2025-12-29 23:00,23.047069534526425
2025-12-30 00:00,24.51446555493309
2025-12-30 01:00,23.247893123900596
2025-12-30 02:00,22.548665687672408
2025-12-30 03:00,25.099652646806845
2025-12-30 04:00,32.165125376068
2025-12-30 05:00,35.37297730441196
2025-12-30 06:00,38.62687427124848
2025-12-30 07:00,35.118804475045586
2025-12-30 08:00,30.848268007469564
2025-12-30 09:00,28.112076784427472
2025-12-30 10:00,21.614723807143804
2025-12-30 11:00,26.644563080251885
2025-12-30 12:00,28.777119546570184
2025-12-30 13:00,27.726382033259075
2025-12-30 14:00,29.88267879415174
2025-12-30 15:00,37.44185228612819
2025-12-30 16:00,37.0664053627044
2025-12-30 17:00,34.931502022668205
2025-12-30 18:00,26.414776059722367
2025-12-30 19:00,24.977687467641562
2025-12-30 20:00,20.225180247928236
2025-12-30 21:00,13.00993019542373
2025-12-30 22:00,5.0457738456649786
2025-12-30 23:00,3.1057508127429525
2025-12-31 00:00,5.565705188749385
2025-12-31 01:00,10.827030158330595
2025-12-31 02:00,21.209180359375964
2025-12-31 03:00,32.149652322981346
2025-12-31 04:00,36.31822670525656
2025-12-31 05:00,36.30904757380963
2025-12-31 06:00,44.37369591076333
2025-12-31 07:00,45.63755897291484
2025-12-31 08:00,52.00060619659329
2025-12-31 09:00,52.27811660849242
2025-12-31 10:00,48.587486105863555
2025-12-31 11:00,47.57301919427114
2025-12-31 12:00,46.743668101682125
2025-12-31 13:00,45.38850274966244
2025-12-31 14:00,47.80870578655935
2025-12-31 15:00,44.43098494159116
2025-12-31 16:00,46.64818911238166
2025-12-31 17:00,49.72488500384758
2025-12-31 18:00,45.9779189399705
2025-12-31 19:00,46.40439341542284
2025-12-31 20:00,44.879865736651084
2025-12-31 21:00,44.01816367099286
2025-12-31 22:00,43.04254422983662
2025-12-31 23:00,43.08262101968171
